47,34,19
44,31,16
-5.89522,-0.375022,-2.45552
0.25
30,1,24,5
31,1,24,6
32,1,24,7
33,1,24,8
31,1,25,5
32,1,25,6
33,1,25,7
34,1,25,8
33,1,26,6
34,1,26,7
35,1,26,8
30,2,24,4
31,2,24,5
32,2,24,6
33,2,24,7
34,2,24,8
35,2,24,9
31,2,25,4
32,2,25,5
33,2,25,6
34,2,25,7
35,2,25,8
33,2,26,5
34,2,26,6
35,2,26,7
36,2,26,8
31,3,24,4
32,3,24,5
33,3,24,6
34,3,24,7
35,3,24,8
36,3,24,9
32,3,25,4
33,3,25,5
34,3,25,6
35,3,25,7
36,3,25,8
37,3,25,9
34,3,26,5
35,3,26,6
36,3,26,7
37,3,26,8
35,4,22,9
36,4,22,10
35,4,23,8
36,4,23,9
37,4,23,10
32,4,24,4
33,4,24,5
34,4,24,6
35,4,24,7
36,4,24,8
37,4,24,9
38,4,24,10
33,4,25,4
34,4,25,5
35,4,25,6
36,4,25,7
37,4,25,8
38,4,25,9
35,4,26,5
36,4,26,6
37,4,26,7
38,4,26,8
35,5,22,8
36,5,22,9
37,5,22,10
34,5,23,6
36,5,23,8
37,5,23,9
38,5,23,10
33,5,24,4
34,5,24,5
35,5,24,6
36,5,24,7
37,5,24,8
38,5,24,9
39,5,24,10
34,5,25,4
35,5,25,5
36,5,25,6
37,5,25,7
38,5,25,8
39,5,25,9
36,5,26,5
37,5,26,6
38,5,26,7
39,5,26,8
36,6,22,8
37,6,22,9
34,6,23,5
35,6,23,6
36,6,23,7
37,6,23,8
38,6,23,9
39,6,23,10
34,6,24,4
35,6,24,5
36,6,24,6
37,6,24,7
38,6,24,8
39,6,24,9
40,6,24,10
35,6,25,4
36,6,25,5
37,6,25,6
38,6,25,7
39,6,25,8
40,6,25,9
37,6,26,5
38,6,26,6
39,6,26,7
40,6,26,8
35,7,23,5
36,7,23,6
37,7,23,7
38,7,23,8
39,7,23,9
35,7,24,4
36,7,24,5
37,7,24,6
38,7,24,7
39,7,24,8
40,7,24,9
36,7,25,4
37,7,25,5
38,7,25,6
39,7,25,7
40,7,25,8
41,7,25,9
38,7,26,5
39,7,26,6
40,7,26,7
41,7,26,8
36,8,23,5
37,8,23,6
38,8,23,7
39,8,23,8
40,8,23,9
37,8,24,5
38,8,24,6
39,8,24,7
40,8,24,8
41,8,24,9
38,8,25,5
39,8,25,6
40,8,25,7
41,8,25,8
39,8,26,5
40,8,26,6
41,8,26,7
37,9,22,6
38,9,22,7
37,9,23,5
38,9,23,6
39,9,23,7
40,9,23,8
38,9,24,5
39,9,24,6
40,9,24,7
41,9,24,8
39,9,25,5
40,9,25,6
41,9,25,7
42,9,25,8
40,9,26,5
41,9,26,6
42,9,26,7
43,9,26,8
38,10,22,6
39,10,22,7
40,10,22,8
38,10,23,5
39,10,23,6
40,10,23,7
41,10,23,8
42,10,23,9
39,10,24,5
40,10,24,6
41,10,24,7
42,10,24,8
43,10,24,9
40,10,25,5
41,10,25,6
42,10,25,7
43,10,25,8
41,10,26,5
42,10,26,6
43,10,26,7
44,10,26,8
39,11,21,7
40,11,21,8
38,11,22,5
39,11,22,6
40,11,22,7
41,11,22,8
42,11,22,9
38,11,23,4
39,11,23,5
40,11,23,6
41,11,23,7
42,11,23,8
43,11,23,9
39,11,24,4
40,11,24,5
41,11,24,6
42,11,24,7
43,11,24,8
44,11,24,9
40,11,25,4
41,11,25,5
42,11,25,6
43,11,25,7
44,11,25,8
42,11,26,5
43,11,26,6
44,11,26,7
45,11,26,8
39,12,21,6
40,12,21,7
41,12,21,8
38,12,22,4
39,12,22,5
40,12,22,6
41,12,22,7
42,12,22,8
43,12,22,9
38,12,23,3
39,12,23,4
40,12,23,5
41,12,23,6
42,12,23,7
43,12,23,8
44,12,23,9
39,12,24,3
40,12,24,4
41,12,24,5
42,12,24,6
43,12,24,7
44,12,24,8
45,12,24,9
40,12,25,3
41,12,25,4
42,12,25,5
43,12,25,6
44,12,25,7
45,12,25,8
46,12,25,9
41,12,26,3
42,12,26,4
43,12,26,5
44,12,26,6
45,12,26,7
46,12,26,8
45,12,27,6
39,13,21,5
40,13,21,6
41,13,21,7
42,13,21,8
43,13,21,9
39,13,22,4
40,13,22,5
41,13,22,6
42,13,22,7
43,13,22,8
44,13,22,9
45,13,22,10
39,13,23,3
40,13,23,4
41,13,23,5
42,13,23,6
43,13,23,7
44,13,23,8
45,13,23,9
46,13,23,10
40,13,24,3
41,13,24,4
42,13,24,5
43,13,24,6
44,13,24,7
45,13,24,8
46,13,24,9
47,13,24,10
41,13,25,3
42,13,25,4
43,13,25,5
44,13,25,6
45,13,25,7
46,13,25,8
47,13,25,9
42,13,26,3
43,13,26,4
44,13,26,5
45,13,26,6
46,13,26,7
47,13,26,8
46,13,27,6
47,13,27,7
40,14,20,6
41,14,20,7
42,14,20,8
40,14,21,5
41,14,21,6
42,14,21,7
43,14,21,8
44,14,21,9
40,14,22,4
41,14,22,5
42,14,22,6
43,14,22,7
44,14,22,8
45,14,22,9
46,14,22,10
40,14,23,3
41,14,23,4
42,14,23,5
43,14,23,6
44,14,23,7
45,14,23,8
46,14,23,9
47,14,23,10
48,14,23,11
42,14,24,4
43,14,24,5
44,14,24,6
45,14,24,7
46,14,24,8
47,14,24,9
48,14,24,10
42,14,25,3
43,14,25,4
44,14,25,5
45,14,25,6
46,14,25,7
47,14,25,8
48,14,25,9
49,14,25,10
44,14,26,4
45,14,26,5
46,14,26,6
47,14,26,7
48,14,26,8
49,14,26,9
46,14,27,5
47,14,27,6
48,14,27,7
49,14,27,8
33,15,8,10
34,15,8,11
32,15,9,8
33,15,9,9
34,15,9,10
35,15,9,11
33,15,10,8
34,15,10,9
35,15,10,10
36,15,10,11
36,15,11,10
37,15,12,10
38,15,13,10
38,15,14,9
39,15,14,10
40,15,15,10
41,15,15,11
39,15,16,8
40,15,16,9
39,15,17,7
40,15,17,8
41,15,17,9
42,15,17,10
43,15,17,11
39,15,18,6
40,15,18,7
41,15,18,8
42,15,18,9
43,15,18,10
42,15,19,8
41,15,20,6
42,15,20,7
43,15,20,8
40,15,21,4
41,15,21,5
42,15,21,6
43,15,21,7
44,15,21,8
45,15,21,9
46,15,21,10
41,15,22,4
42,15,22,5
43,15,22,6
44,15,22,7
45,15,22,8
46,15,22,9
47,15,22,10
41,15,23,3
42,15,23,4
43,15,23,5
44,15,23,6
45,15,23,7
46,15,23,8
47,15,23,9
48,15,23,10
49,15,23,11
42,15,24,3
43,15,24,4
44,15,24,5
45,15,24,6
46,15,24,7
47,15,24,8
48,15,24,9
49,15,24,10
50,15,24,11
43,15,25,3
44,15,25,4
45,15,25,5
46,15,25,6
47,15,25,7
48,15,25,8
49,15,25,9
50,15,25,10
44,15,26,3
45,15,26,4
46,15,26,5
47,15,26,6
48,15,26,7
49,15,26,8
50,15,26,9
51,15,26,10
46,15,27,4
47,15,27,5
48,15,27,6
49,15,27,7
50,15,27,8
26,16,1,9
27,16,1,10
28,16,1,11
27,16,2,9
28,16,2,10
29,16,2,11
30,16,2,12
31,16,7,8
32,16,7,9
31,16,8,7
32,16,8,8
33,16,8,9
34,16,8,10
35,16,8,11
36,16,8,12
31,16,9,6
32,16,9,7
33,16,9,8
34,16,9,9
35,16,9,10
36,16,9,11
32,16,10,6
33,16,10,7
34,16,10,8
35,16,10,9
36,16,10,10
37,16,10,11
38,16,10,12
33,16,11,6
34,16,11,7
35,16,11,8
36,16,11,9
37,16,11,10
38,16,11,11
35,16,12,7
36,16,12,8
37,16,12,9
38,16,12,10
39,16,12,11
40,16,12,12
35,16,13,6
36,16,13,7
37,16,13,8
38,16,13,9
39,16,13,10
40,16,13,11
41,16,13,12
42,16,13,13
36,16,14,6
37,16,14,7
38,16,14,8
39,16,14,9
40,16,14,10
41,16,14,11
42,16,14,12
43,16,14,13
36,16,15,5
37,16,15,6
38,16,15,7
39,16,15,8
40,16,15,9
41,16,15,10
42,16,15,11
43,16,15,12
44,16,15,13
37,16,16,5
38,16,16,6
39,16,16,7
40,16,16,8
41,16,16,9
42,16,16,10
43,16,16,11
44,16,16,12
45,16,16,13
38,16,17,5
39,16,17,6
40,16,17,7
41,16,17,8
42,16,17,9
43,16,17,10
44,16,17,11
45,16,17,12
46,16,17,13
39,16,18,5
40,16,18,6
41,16,18,7
42,16,18,8
43,16,18,9
44,16,18,10
45,16,18,11
46,16,18,12
41,16,19,6
42,16,19,7
43,16,19,8
44,16,19,9
45,16,19,10
46,16,19,11
47,16,19,12
48,16,19,13
42,16,20,6
43,16,20,7
44,16,20,8
45,16,20,9
46,16,20,10
47,16,20,11
48,16,20,12
49,16,20,13
41,16,21,4
42,16,21,5
43,16,21,6
44,16,21,7
45,16,21,8
46,16,21,9
47,16,21,10
48,16,21,11
49,16,21,12
41,16,22,3
42,16,22,4
43,16,22,5
44,16,22,6
45,16,22,7
46,16,22,8
47,16,22,9
48,16,22,10
49,16,22,11
42,16,23,3
43,16,23,4
44,16,23,5
45,16,23,6
46,16,23,7
47,16,23,8
48,16,23,9
49,16,23,10
50,16,23,11
43,16,24,3
44,16,24,4
45,16,24,5
46,16,24,6
47,16,24,7
48,16,24,8
49,16,24,9
50,16,24,10
51,16,24,11
44,16,25,3
45,16,25,4
46,16,25,5
47,16,25,6
48,16,25,7
49,16,25,8
50,16,25,9
51,16,25,10
45,16,26,3
46,16,26,4
47,16,26,5
48,16,26,6
49,16,26,7
50,16,26,8
51,16,26,9
52,16,26,10
47,16,27,4
48,16,27,5
49,16,27,6
50,16,27,7
51,16,27,8
52,16,27,9
51,16,28,7
24,17,1,6
25,17,1,7
26,17,1,8
27,17,1,9
28,17,1,10
29,17,1,11
30,17,1,12
31,17,1,13
25,17,2,6
26,17,2,7
27,17,2,8
28,17,2,9
29,17,2,10
30,17,2,11
31,17,2,12
32,17,2,13
26,17,3,6
27,17,3,7
28,17,3,8
29,17,3,9
30,17,3,10
31,17,3,11
32,17,3,12
28,17,4,7
29,17,4,8
30,17,4,9
29,17,5,7
30,17,5,8
31,17,5,9
29,17,6,6
30,17,6,7
31,17,6,8
32,17,6,9
33,17,6,10
30,17,7,6
31,17,7,7
32,17,7,8
33,17,7,9
34,17,7,10
35,17,7,11
36,17,7,12
30,17,8,5
31,17,8,6
32,17,8,7
33,17,8,8
34,17,8,9
35,17,8,10
36,17,8,11
37,17,8,12
38,17,8,13
31,17,9,5
32,17,9,6
33,17,9,7
34,17,9,8
35,17,9,9
36,17,9,10
37,17,9,11
38,17,9,12
39,17,9,13
32,17,10,5
33,17,10,6
34,17,10,7
35,17,10,8
36,17,10,9
37,17,10,10
38,17,10,11
39,17,10,12
40,17,10,13
33,17,11,5
34,17,11,6
35,17,11,7
36,17,11,8
37,17,11,9
38,17,11,10
39,17,11,11
40,17,11,12
41,17,11,13
34,17,12,5
35,17,12,6
36,17,12,7
37,17,12,8
38,17,12,9
39,17,12,10
40,17,12,11
41,17,12,12
42,17,12,13
43,17,12,14
34,17,13,4
35,17,13,5
36,17,13,6
37,17,13,7
38,17,13,8
39,17,13,9
40,17,13,10
41,17,13,11
42,17,13,12
43,17,13,13
44,17,13,14
35,17,14,4
36,17,14,5
37,17,14,6
38,17,14,7
39,17,14,8
40,17,14,9
41,17,14,10
42,17,14,11
43,17,14,12
44,17,14,13
36,17,15,4
37,17,15,5
38,17,15,6
39,17,15,7
40,17,15,8
41,17,15,9
42,17,15,10
43,17,15,11
44,17,15,12
45,17,15,13
46,17,15,14
37,17,16,4
38,17,16,5
39,17,16,6
40,17,16,7
41,17,16,8
42,17,16,9
43,17,16,10
44,17,16,11
45,17,16,12
46,17,16,13
47,17,16,14
38,17,17,4
39,17,17,5
40,17,17,6
41,17,17,7
42,17,17,8
43,17,17,9
44,17,17,10
45,17,17,11
46,17,17,12
47,17,17,13
48,17,17,14
39,17,18,4
40,17,18,5
41,17,18,6
42,17,18,7
43,17,18,8
44,17,18,9
45,17,18,10
46,17,18,11
47,17,18,12
48,17,18,13
49,17,18,14
40,17,19,4
41,17,19,5
42,17,19,6
43,17,19,7
44,17,19,8
45,17,19,9
46,17,19,10
47,17,19,11
48,17,19,12
49,17,19,13
50,17,19,14
41,17,20,4
42,17,20,5
43,17,20,6
44,17,20,7
45,17,20,8
46,17,20,9
47,17,20,10
48,17,20,11
49,17,20,12
50,17,20,13
51,17,20,14
42,17,21,4
43,17,21,5
44,17,21,6
45,17,21,7
46,17,21,8
47,17,21,9
48,17,21,10
49,17,21,11
50,17,21,12
51,17,21,13
52,17,21,14
42,17,22,3
43,17,22,4
44,17,22,5
45,17,22,6
46,17,22,7
47,17,22,8
48,17,22,9
49,17,22,10
50,17,22,11
51,17,22,12
52,17,22,13
42,17,23,2
43,17,23,3
44,17,23,4
45,17,23,5
46,17,23,6
47,17,23,7
48,17,23,8
49,17,23,9
50,17,23,10
51,17,23,11
52,17,23,12
53,17,23,13
43,17,24,2
44,17,24,3
45,17,24,4
46,17,24,5
47,17,24,6
48,17,24,7
49,17,24,8
50,17,24,9
51,17,24,10
52,17,24,11
53,17,24,12
54,17,24,13
44,17,25,2
45,17,25,3
46,17,25,4
47,17,25,5
48,17,25,6
49,17,25,7
50,17,25,8
51,17,25,9
52,17,25,10
53,17,25,11
54,17,25,12
46,17,26,3
47,17,26,4
48,17,26,5
49,17,26,6
50,17,26,7
51,17,26,8
52,17,26,9
53,17,26,10
47,17,27,3
48,17,27,4
49,17,27,5
50,17,27,6
51,17,27,7
52,17,27,8
53,17,27,9
54,17,27,10
50,17,28,5
51,17,28,6
52,17,28,7
53,17,28,8
25,18,1,6
26,18,1,7
27,18,1,8
28,18,1,9
29,18,1,10
30,18,1,11
31,18,1,12
32,18,1,13
26,18,2,6
27,18,2,7
28,18,2,8
29,18,2,9
30,18,2,10
31,18,2,11
32,18,2,12
33,18,2,13
27,18,3,6
28,18,3,7
29,18,3,8
30,18,3,9
31,18,3,10
32,18,3,11
33,18,3,12
34,18,3,13
28,18,4,6
29,18,4,7
30,18,4,8
31,18,4,9
32,18,4,10
29,18,5,6
30,18,5,7
31,18,5,8
32,18,5,9
33,18,5,10
30,18,6,6
31,18,6,7
32,18,6,8
33,18,6,9
34,18,6,10
35,18,6,11
31,18,7,6
32,18,7,7
33,18,7,8
34,18,7,9
35,18,7,10
36,18,7,11
37,18,7,12
38,18,7,13
31,18,8,5
32,18,8,6
33,18,8,7
34,18,8,8
35,18,8,9
36,18,8,10
37,18,8,11
38,18,8,12
39,18,8,13
32,18,9,5
33,18,9,6
34,18,9,7
35,18,9,8
36,18,9,9
37,18,9,10
38,18,9,11
39,18,9,12
40,18,9,13
33,18,10,5
34,18,10,6
35,18,10,7
36,18,10,8
37,18,10,9
38,18,10,10
39,18,10,11
40,18,10,12
41,18,10,13
34,18,11,5
35,18,11,6
36,18,11,7
37,18,11,8
38,18,11,9
39,18,11,10
40,18,11,11
41,18,11,12
42,18,11,13
34,18,12,4
35,18,12,5
36,18,12,6
37,18,12,7
38,18,12,8
39,18,12,9
40,18,12,10
41,18,12,11
42,18,12,12
43,18,12,13
44,18,12,14
34,18,13,3
35,18,13,4
36,18,13,5
37,18,13,6
38,18,13,7
39,18,13,8
40,18,13,9
41,18,13,10
42,18,13,11
43,18,13,12
44,18,13,13
45,18,13,14
35,18,14,3
36,18,14,4
37,18,14,5
38,18,14,6
39,18,14,7
40,18,14,8
41,18,14,9
42,18,14,10
43,18,14,11
44,18,14,12
45,18,14,13
46,18,14,14
47,18,14,15
36,18,15,3
37,18,15,4
38,18,15,5
39,18,15,6
40,18,15,7
41,18,15,8
42,18,15,9
43,18,15,10
44,18,15,11
45,18,15,12
46,18,15,13
47,18,15,14
48,18,15,15
37,18,16,3
38,18,16,4
39,18,16,5
40,18,16,6
41,18,16,7
42,18,16,8
43,18,16,9
44,18,16,10
45,18,16,11
46,18,16,12
47,18,16,13
48,18,16,14
49,18,16,15
38,18,17,3
39,18,17,4
40,18,17,5
41,18,17,6
42,18,17,7
43,18,17,8
44,18,17,9
45,18,17,10
46,18,17,11
47,18,17,12
48,18,17,13
49,18,17,14
50,18,17,15
39,18,18,3
40,18,18,4
41,18,18,5
42,18,18,6
43,18,18,7
44,18,18,8
45,18,18,9
46,18,18,10
47,18,18,11
48,18,18,12
49,18,18,13
50,18,18,14
51,18,18,15
40,18,19,3
41,18,19,4
42,18,19,5
43,18,19,6
44,18,19,7
45,18,19,8
46,18,19,9
47,18,19,10
48,18,19,11
49,18,19,12
50,18,19,13
51,18,19,14
52,18,19,15
42,18,20,4
43,18,20,5
44,18,20,6
45,18,20,7
46,18,20,8
47,18,20,9
48,18,20,10
49,18,20,11
50,18,20,12
51,18,20,13
52,18,20,14
53,18,20,15
42,18,21,3
43,18,21,4
44,18,21,5
45,18,21,6
46,18,21,7
47,18,21,8
48,18,21,9
49,18,21,10
50,18,21,11
51,18,21,12
52,18,21,13
53,18,21,14
54,18,21,15
43,18,22,3
44,18,22,4
45,18,22,5
46,18,22,6
47,18,22,7
48,18,22,8
49,18,22,9
50,18,22,10
51,18,22,11
52,18,22,12
53,18,22,13
54,18,22,14
43,18,23,2
44,18,23,3
45,18,23,4
46,18,23,5
47,18,23,6
48,18,23,7
49,18,23,8
50,18,23,9
51,18,23,10
52,18,23,11
53,18,23,12
54,18,23,13
44,18,24,2
45,18,24,3
46,18,24,4
47,18,24,5
48,18,24,6
49,18,24,7
50,18,24,8
51,18,24,9
52,18,24,10
53,18,24,11
54,18,24,12
55,18,24,13
45,18,25,2
46,18,25,3
47,18,25,4
48,18,25,5
49,18,25,6
50,18,25,7
51,18,25,8
52,18,25,9
53,18,25,10
54,18,25,11
55,18,25,12
46,18,26,2
47,18,26,3
48,18,26,4
49,18,26,5
50,18,26,6
51,18,26,7
52,18,26,8
53,18,26,9
54,18,26,10
55,18,26,11
48,18,27,3
49,18,27,4
50,18,27,5
51,18,27,6
52,18,27,7
53,18,27,8
54,18,27,9
55,18,27,10
56,18,27,11
51,18,28,5
52,18,28,6
53,18,28,7
54,18,28,8
55,18,28,9
56,18,28,10
26,19,1,6
27,19,1,7
28,19,1,8
29,19,1,9
30,19,1,10
31,19,1,11
32,19,1,12
33,19,1,13
27,19,2,6
28,19,2,7
29,19,2,8
30,19,2,9
31,19,2,10
32,19,2,11
33,19,2,12
34,19,2,13
28,19,3,6
29,19,3,7
30,19,3,8
31,19,3,9
32,19,3,10
33,19,3,11
34,19,3,12
35,19,3,13
29,19,4,6
30,19,4,7
31,19,4,8
32,19,4,9
33,19,4,10
30,19,5,6
31,19,5,7
32,19,5,8
33,19,5,9
34,19,5,10
31,19,6,6
32,19,6,7
33,19,6,8
34,19,6,9
35,19,6,10
36,19,6,11
37,19,6,12
31,19,7,5
32,19,7,6
33,19,7,7
34,19,7,8
35,19,7,9
36,19,7,10
37,19,7,11
38,19,7,12
39,19,7,13
31,19,8,4
32,19,8,5
33,19,8,6
34,19,8,7
35,19,8,8
36,19,8,9
37,19,8,10
38,19,8,11
39,19,8,12
40,19,8,13
33,19,9,5
34,19,9,6
35,19,9,7
36,19,9,8
37,19,9,9
38,19,9,10
39,19,9,11
40,19,9,12
41,19,9,13
33,19,10,4
34,19,10,5
35,19,10,6
36,19,10,7
37,19,10,8
38,19,10,9
39,19,10,10
40,19,10,11
41,19,10,12
42,19,10,13
35,19,11,5
36,19,11,6
37,19,11,7
38,19,11,8
39,19,11,9
40,19,11,10
41,19,11,11
42,19,11,12
43,19,11,13
44,19,11,14
34,19,12,3
35,19,12,4
36,19,12,5
37,19,12,6
38,19,12,7
39,19,12,8
40,19,12,9
41,19,12,10
42,19,12,11
43,19,12,12
44,19,12,13
45,19,12,14
46,19,12,15
35,19,13,3
36,19,13,4
37,19,13,5
38,19,13,6
39,19,13,7
40,19,13,8
41,19,13,9
42,19,13,10
43,19,13,11
44,19,13,12
45,19,13,13
46,19,13,14
47,19,13,15
36,19,14,3
37,19,14,4
38,19,14,5
39,19,14,6
40,19,14,7
41,19,14,8
42,19,14,9
43,19,14,10
44,19,14,11
45,19,14,12
46,19,14,13
47,19,14,14
48,19,14,15
36,19,15,2
37,19,15,3
38,19,15,4
39,19,15,5
40,19,15,6
41,19,15,7
42,19,15,8
43,19,15,9
44,19,15,10
45,19,15,11
46,19,15,12
47,19,15,13
48,19,15,14
49,19,15,15
50,19,15,16
37,19,16,2
38,19,16,3
39,19,16,4
40,19,16,5
41,19,16,6
42,19,16,7
43,19,16,8
44,19,16,9
45,19,16,10
46,19,16,11
47,19,16,12
48,19,16,13
49,19,16,14
50,19,16,15
51,19,16,16
39,19,17,3
40,19,17,4
41,19,17,5
42,19,17,6
43,19,17,7
44,19,17,8
45,19,17,9
46,19,17,10
47,19,17,11
48,19,17,12
49,19,17,13
50,19,17,14
51,19,17,15
52,19,17,16
40,19,18,3
41,19,18,4
42,19,18,5
43,19,18,6
44,19,18,7
45,19,18,8
46,19,18,9
47,19,18,10
48,19,18,11
49,19,18,12
50,19,18,13
51,19,18,14
52,19,18,15
53,19,18,16
41,19,19,3
42,19,19,4
43,19,19,5
44,19,19,6
45,19,19,7
46,19,19,8
47,19,19,9
48,19,19,10
49,19,19,11
50,19,19,12
51,19,19,13
52,19,19,14
53,19,19,15
41,19,20,2
42,19,20,3
43,19,20,4
44,19,20,5
45,19,20,6
46,19,20,7
47,19,20,8
48,19,20,9
49,19,20,10
50,19,20,11
51,19,20,12
52,19,20,13
53,19,20,14
54,19,20,15
42,19,21,2
43,19,21,3
44,19,21,4
45,19,21,5
46,19,21,6
47,19,21,7
48,19,21,8
49,19,21,9
50,19,21,10
51,19,21,11
52,19,21,12
53,19,21,13
54,19,21,14
55,19,21,15
43,19,22,2
44,19,22,3
45,19,22,4
46,19,22,5
47,19,22,6
48,19,22,7
49,19,22,8
50,19,22,9
51,19,22,10
52,19,22,11
53,19,22,12
54,19,22,13
55,19,22,14
44,19,23,2
45,19,23,3
46,19,23,4
47,19,23,5
48,19,23,6
49,19,23,7
50,19,23,8
51,19,23,9
52,19,23,10
53,19,23,11
54,19,23,12
55,19,23,13
45,19,24,2
46,19,24,3
47,19,24,4
48,19,24,5
49,19,24,6
50,19,24,7
51,19,24,8
52,19,24,9
53,19,24,10
54,19,24,11
55,19,24,12
56,19,24,13
46,19,25,2
47,19,25,3
48,19,25,4
49,19,25,5
50,19,25,6
51,19,25,7
52,19,25,8
53,19,25,9
54,19,25,10
55,19,25,11
56,19,25,12
47,19,26,2
48,19,26,3
49,19,26,4
50,19,26,5
51,19,26,6
52,19,26,7
53,19,26,8
54,19,26,9
55,19,26,10
56,19,26,11
57,19,26,12
48,19,27,2
49,19,27,3
50,19,27,4
51,19,27,5
52,19,27,6
53,19,27,7
54,19,27,8
55,19,27,9
56,19,27,10
57,19,27,11
50,19,28,3
51,19,28,4
52,19,28,5
53,19,28,6
54,19,28,7
55,19,28,8
56,19,28,9
57,19,28,10
52,19,29,4
53,19,29,5
54,19,29,6
55,19,29,7
56,19,29,8
28,20,1,7
29,20,1,8
31,20,1,10
32,20,1,11
33,20,1,12
29,20,2,7
30,20,2,8
31,20,2,9
32,20,2,10
33,20,2,11
34,20,2,12
30,20,3,7
31,20,3,8
33,20,3,10
31,20,4,7
32,20,4,8
33,20,4,9
32,20,5,7
33,20,5,8
34,20,5,9
32,20,6,6
33,20,6,7
34,20,6,8
35,20,6,9
36,20,6,10
37,20,6,11
32,20,7,5
33,20,7,6
34,20,7,7
35,20,7,8
36,20,7,9
37,20,7,10
38,20,7,11
39,20,7,12
40,20,7,13
32,20,8,4
33,20,8,5
34,20,8,6
35,20,8,7
36,20,8,8
37,20,8,9
38,20,8,10
39,20,8,11
40,20,8,12
41,20,8,13
34,20,9,5
35,20,9,6
36,20,9,7
37,20,9,8
38,20,9,9
39,20,9,10
40,20,9,11
41,20,9,12
42,20,9,13
34,20,10,4
35,20,10,5
36,20,10,6
37,20,10,7
38,20,10,8
39,20,10,9
40,20,10,10
41,20,10,11
42,20,10,12
43,20,10,13
35,20,11,4
36,20,11,5
37,20,11,6
38,20,11,7
39,20,11,8
40,20,11,9
41,20,11,10
42,20,11,11
43,20,11,12
44,20,11,13
45,20,11,14
46,20,11,15
35,20,12,3
36,20,12,4
37,20,12,5
38,20,12,6
39,20,12,7
40,20,12,8
41,20,12,9
42,20,12,10
43,20,12,11
44,20,12,12
45,20,12,13
46,20,12,14
47,20,12,15
36,20,13,3
37,20,13,4
38,20,13,5
39,20,13,6
40,20,13,7
41,20,13,8
42,20,13,9
43,20,13,10
44,20,13,11
45,20,13,12
46,20,13,13
47,20,13,14
48,20,13,15
49,20,13,16
36,20,14,2
37,20,14,3
38,20,14,4
39,20,14,5
40,20,14,6
41,20,14,7
42,20,14,8
43,20,14,9
44,20,14,10
45,20,14,11
46,20,14,12
47,20,14,13
48,20,14,14
49,20,14,15
50,20,14,16
37,20,15,2
38,20,15,3
39,20,15,4
40,20,15,5
41,20,15,6
42,20,15,7
43,20,15,8
44,20,15,9
45,20,15,10
46,20,15,11
47,20,15,12
48,20,15,13
49,20,15,14
50,20,15,15
51,20,15,16
38,20,16,2
39,20,16,3
40,20,16,4
41,20,16,5
42,20,16,6
43,20,16,7
44,20,16,8
45,20,16,9
46,20,16,10
47,20,16,11
48,20,16,12
49,20,16,13
50,20,16,14
51,20,16,15
52,20,16,16
40,20,17,3
41,20,17,4
42,20,17,5
43,20,17,6
44,20,17,7
45,20,17,8
46,20,17,9
47,20,17,10
48,20,17,11
49,20,17,12
50,20,17,13
51,20,17,14
52,20,17,15
53,20,17,16
41,20,18,3
42,20,18,4
43,20,18,5
44,20,18,6
45,20,18,7
46,20,18,8
47,20,18,9
48,20,18,10
49,20,18,11
50,20,18,12
51,20,18,13
52,20,18,14
53,20,18,15
54,20,18,16
42,20,19,3
43,20,19,4
44,20,19,5
45,20,19,6
46,20,19,7
47,20,19,8
48,20,19,9
49,20,19,10
50,20,19,11
51,20,19,12
52,20,19,13
53,20,19,14
54,20,19,15
55,20,19,16
42,20,20,2
43,20,20,3
44,20,20,4
45,20,20,5
46,20,20,6
47,20,20,7
48,20,20,8
49,20,20,9
50,20,20,10
51,20,20,11
52,20,20,12
53,20,20,13
54,20,20,14
55,20,20,15
56,20,20,16
43,20,21,2
44,20,21,3
45,20,21,4
46,20,21,5
47,20,21,6
48,20,21,7
49,20,21,8
50,20,21,9
51,20,21,10
52,20,21,11
53,20,21,12
54,20,21,13
55,20,21,14
56,20,21,15
57,20,21,16
43,20,22,1
44,20,22,2
45,20,22,3
46,20,22,4
47,20,22,5
48,20,22,6
49,20,22,7
50,20,22,8
51,20,22,9
52,20,22,10
53,20,22,11
54,20,22,12
55,20,22,13
56,20,22,14
57,20,22,15
44,20,23,1
45,20,23,2
46,20,23,3
47,20,23,4
48,20,23,5
49,20,23,6
50,20,23,7
51,20,23,8
52,20,23,9
53,20,23,10
54,20,23,11
55,20,23,12
56,20,23,13
57,20,23,14
45,20,24,1
46,20,24,2
47,20,24,3
48,20,24,4
49,20,24,5
50,20,24,6
51,20,24,7
52,20,24,8
53,20,24,9
54,20,24,10
55,20,24,11
56,20,24,12
57,20,24,13
46,20,25,1
47,20,25,2
48,20,25,3
49,20,25,4
50,20,25,5
51,20,25,6
52,20,25,7
53,20,25,8
54,20,25,9
55,20,25,10
56,20,25,11
57,20,25,12
47,20,26,1
48,20,26,2
49,20,26,3
50,20,26,4
51,20,26,5
52,20,26,6
53,20,26,7
54,20,26,8
55,20,26,9
56,20,26,10
57,20,26,11
49,20,27,2
50,20,27,3
51,20,27,4
52,20,27,5
53,20,27,6
54,20,27,7
55,20,27,8
56,20,27,9
57,20,27,10
50,20,28,2
51,20,28,3
52,20,28,4
53,20,28,5
54,20,28,6
55,20,28,7
56,20,28,8
57,20,28,9
58,20,28,10
53,20,29,4
54,20,29,5
55,20,29,6
56,20,29,7
57,20,29,8
58,20,29,9
59,20,29,10
58,20,30,8
59,20,30,9
60,20,30,10
33,21,6,6
34,21,6,7
35,21,6,8
36,21,6,9
37,21,6,10
33,21,7,5
34,21,7,6
35,21,7,7
36,21,7,8
37,21,7,9
38,21,7,10
39,21,7,11
40,21,7,12
41,21,7,13
34,21,8,5
35,21,8,6
36,21,8,7
37,21,8,8
38,21,8,9
39,21,8,10
40,21,8,11
41,21,8,12
35,21,9,5
36,21,9,6
37,21,9,7
38,21,9,8
39,21,9,9
40,21,9,10
41,21,9,11
42,21,9,12
43,21,9,13
36,21,10,5
37,21,10,6
38,21,10,7
39,21,10,8
40,21,10,9
41,21,10,10
42,21,10,11
43,21,10,12
44,21,10,13
36,21,11,4
37,21,11,5
38,21,11,6
39,21,11,7
40,21,11,8
41,21,11,9
42,21,11,10
43,21,11,11
44,21,11,12
45,21,11,13
46,21,11,14
47,21,11,15
36,21,12,3
37,21,12,4
38,21,12,5
39,21,12,6
40,21,12,7
41,21,12,8
42,21,12,9
43,21,12,10
44,21,12,11
45,21,12,12
46,21,12,13
47,21,12,14
48,21,12,15
49,21,12,16
36,21,13,2
37,21,13,3
38,21,13,4
39,21,13,5
40,21,13,6
41,21,13,7
42,21,13,8
43,21,13,9
44,21,13,10
45,21,13,11
46,21,13,12
47,21,13,13
48,21,13,14
49,21,13,15
50,21,13,16
37,21,14,2
38,21,14,3
39,21,14,4
40,21,14,5
41,21,14,6
42,21,14,7
43,21,14,8
44,21,14,9
45,21,14,10
46,21,14,11
47,21,14,12
48,21,14,13
49,21,14,14
50,21,14,15
51,21,14,16
38,21,15,2
39,21,15,3
40,21,15,4
41,21,15,5
42,21,15,6
43,21,15,7
44,21,15,8
45,21,15,9
46,21,15,10
47,21,15,11
48,21,15,12
49,21,15,13
50,21,15,14
51,21,15,15
52,21,15,16
53,21,15,17
39,21,16,2
40,21,16,3
41,21,16,4
42,21,16,5
43,21,16,6
44,21,16,7
45,21,16,8
46,21,16,9
47,21,16,10
48,21,16,11
49,21,16,12
50,21,16,13
51,21,16,14
52,21,16,15
53,21,16,16
54,21,16,17
40,21,17,2
41,21,17,3
42,21,17,4
43,21,17,5
44,21,17,6
45,21,17,7
46,21,17,8
47,21,17,9
48,21,17,10
49,21,17,11
50,21,17,12
51,21,17,13
52,21,17,14
53,21,17,15
54,21,17,16
42,21,18,3
43,21,18,4
44,21,18,5
45,21,18,6
46,21,18,7
47,21,18,8
48,21,18,9
49,21,18,10
50,21,18,11
51,21,18,12
52,21,18,13
53,21,18,14
54,21,18,15
55,21,18,16
43,21,19,3
44,21,19,4
45,21,19,5
46,21,19,6
47,21,19,7
48,21,19,8
49,21,19,9
50,21,19,10
51,21,19,11
52,21,19,12
53,21,19,13
54,21,19,14
55,21,19,15
56,21,19,16
44,21,20,3
45,21,20,4
46,21,20,5
47,21,20,6
48,21,20,7
49,21,20,8
50,21,20,9
51,21,20,10
52,21,20,11
53,21,20,12
54,21,20,13
55,21,20,14
56,21,20,15
57,21,20,16
44,21,21,2
45,21,21,3
46,21,21,4
47,21,21,5
48,21,21,6
49,21,21,7
50,21,21,8
51,21,21,9
52,21,21,10
53,21,21,11
54,21,21,12
55,21,21,13
56,21,21,14
57,21,21,15
58,21,21,16
45,21,22,2
46,21,22,3
47,21,22,4
48,21,22,5
49,21,22,6
50,21,22,7
51,21,22,8
52,21,22,9
53,21,22,10
54,21,22,11
55,21,22,12
56,21,22,13
57,21,22,14
58,21,22,15
45,21,23,1
46,21,23,2
47,21,23,3
48,21,23,4
49,21,23,5
50,21,23,6
51,21,23,7
52,21,23,8
53,21,23,9
54,21,23,10
55,21,23,11
56,21,23,12
57,21,23,13
58,21,23,14
46,21,24,1
47,21,24,2
48,21,24,3
49,21,24,4
50,21,24,5
51,21,24,6
52,21,24,7
53,21,24,8
54,21,24,9
55,21,24,10
56,21,24,11
57,21,24,12
58,21,24,13
59,21,24,14
47,21,25,1
48,21,25,2
49,21,25,3
50,21,25,4
51,21,25,5
52,21,25,6
53,21,25,7
54,21,25,8
55,21,25,9
56,21,25,10
57,21,25,11
58,21,25,12
48,21,26,1
49,21,26,2
50,21,26,3
51,21,26,4
52,21,26,5
53,21,26,6
54,21,26,7
55,21,26,8
56,21,26,9
57,21,26,10
58,21,26,11
50,21,27,2
51,21,27,3
52,21,27,4
53,21,27,5
54,21,27,6
55,21,27,7
56,21,27,8
57,21,27,9
58,21,27,10
59,21,27,11
52,21,28,3
53,21,28,4
54,21,28,5
55,21,28,6
56,21,28,7
57,21,28,8
58,21,28,9
59,21,28,10
60,21,28,11
61,21,28,12
55,21,29,5
56,21,29,6
57,21,29,7
58,21,29,8
59,21,29,9
60,21,29,10
61,21,29,11
62,21,29,12
58,21,30,7
59,21,30,8
60,21,30,9
61,21,30,10
62,21,30,11
63,21,30,12
60,21,31,8
61,21,31,9
62,21,31,10
63,21,31,11
64,21,31,12
62,21,32,9
63,21,32,10
35,22,7,6
36,22,7,7
37,22,7,8
38,22,7,9
39,22,7,10
40,22,7,11
41,22,7,12
42,22,7,13
35,22,8,5
36,22,8,6
37,22,8,7
38,22,8,8
39,22,8,9
40,22,8,10
41,22,8,11
42,22,8,12
36,22,9,5
37,22,9,6
38,22,9,7
39,22,9,8
40,22,9,9
41,22,9,10
42,22,9,11
43,22,9,12
44,22,9,13
37,22,10,5
38,22,10,6
39,22,10,7
40,22,10,8
41,22,10,9
42,22,10,10
43,22,10,11
44,22,10,12
45,22,10,13
37,22,11,4
38,22,11,5
39,22,11,6
40,22,11,7
41,22,11,8
42,22,11,9
43,22,11,10
44,22,11,11
45,22,11,12
46,22,11,13
47,22,11,14
48,22,11,15
37,22,12,3
38,22,12,4
39,22,12,5
40,22,12,6
41,22,12,7
42,22,12,8
43,22,12,9
44,22,12,10
45,22,12,11
46,22,12,12
47,22,12,13
48,22,12,14
49,22,12,15
50,22,12,16
38,22,13,3
39,22,13,4
40,22,13,5
41,22,13,6
42,22,13,7
43,22,13,8
44,22,13,9
45,22,13,10
46,22,13,11
47,22,13,12
48,22,13,13
49,22,13,14
50,22,13,15
51,22,13,16
38,22,14,2
39,22,14,3
40,22,14,4
41,22,14,5
42,22,14,6
43,22,14,7
44,22,14,8
45,22,14,9
46,22,14,10
47,22,14,11
48,22,14,12
49,22,14,13
50,22,14,14
51,22,14,15
52,22,14,16
53,22,14,17
39,22,15,2
40,22,15,3
41,22,15,4
42,22,15,5
43,22,15,6
44,22,15,7
45,22,15,8
46,22,15,9
47,22,15,10
48,22,15,11
49,22,15,12
50,22,15,13
51,22,15,14
52,22,15,15
53,22,15,16
54,22,15,17
40,22,16,2
41,22,16,3
42,22,16,4
43,22,16,5
44,22,16,6
45,22,16,7
46,22,16,8
47,22,16,9
48,22,16,10
49,22,16,11
50,22,16,12
51,22,16,13
52,22,16,14
53,22,16,15
54,22,16,16
55,22,16,17
41,22,17,2
42,22,17,3
43,22,17,4
44,22,17,5
45,22,17,6
46,22,17,7
47,22,17,8
48,22,17,9
49,22,17,10
50,22,17,11
51,22,17,12
52,22,17,13
53,22,17,14
54,22,17,15
55,22,17,16
56,22,17,17
43,22,18,3
44,22,18,4
45,22,18,5
46,22,18,6
47,22,18,7
48,22,18,8
49,22,18,9
50,22,18,10
51,22,18,11
52,22,18,12
53,22,18,13
54,22,18,14
55,22,18,15
56,22,18,16
44,22,19,3
45,22,19,4
46,22,19,5
47,22,19,6
48,22,19,7
49,22,19,8
50,22,19,9
51,22,19,10
52,22,19,11
53,22,19,12
54,22,19,13
55,22,19,14
56,22,19,15
57,22,19,16
45,22,20,3
46,22,20,4
47,22,20,5
48,22,20,6
49,22,20,7
50,22,20,8
51,22,20,9
52,22,20,10
53,22,20,11
54,22,20,12
55,22,20,13
56,22,20,14
57,22,20,15
58,22,20,16
45,22,21,2
46,22,21,3
47,22,21,4
48,22,21,5
49,22,21,6
50,22,21,7
51,22,21,8
52,22,21,9
53,22,21,10
54,22,21,11
55,22,21,12
56,22,21,13
57,22,21,14
58,22,21,15
59,22,21,16
46,22,22,2
47,22,22,3
48,22,22,4
49,22,22,5
50,22,22,6
51,22,22,7
52,22,22,8
53,22,22,9
54,22,22,10
55,22,22,11
56,22,22,12
57,22,22,13
58,22,22,14
59,22,22,15
46,22,23,1
47,22,23,2
48,22,23,3
49,22,23,4
50,22,23,5
51,22,23,6
52,22,23,7
53,22,23,8
54,22,23,9
55,22,23,10
56,22,23,11
57,22,23,12
58,22,23,13
59,22,23,14
47,22,24,1
48,22,24,2
49,22,24,3
50,22,24,4
51,22,24,5
52,22,24,6
53,22,24,7
54,22,24,8
55,22,24,9
56,22,24,10
57,22,24,11
58,22,24,12
59,22,24,13
60,22,24,14
48,22,25,1
49,22,25,2
50,22,25,3
51,22,25,4
52,22,25,5
53,22,25,6
54,22,25,7
55,22,25,8
56,22,25,9
57,22,25,10
58,22,25,11
59,22,25,12
49,22,26,1
50,22,26,2
51,22,26,3
52,22,26,4
53,22,26,5
54,22,26,6
55,22,26,7
56,22,26,8
57,22,26,9
58,22,26,10
59,22,26,11
51,22,27,2
52,22,27,3
53,22,27,4
54,22,27,5
55,22,27,6
56,22,27,7
57,22,27,8
58,22,27,9
59,22,27,10
60,22,27,11
61,22,27,12
53,22,28,3
54,22,28,4
55,22,28,5
56,22,28,6
57,22,28,7
58,22,28,8
59,22,28,9
60,22,28,10
61,22,28,11
62,22,28,12
63,22,28,13
55,22,29,4
56,22,29,5
57,22,29,6
58,22,29,7
59,22,29,8
60,22,29,9
61,22,29,10
62,22,29,11
63,22,29,12
64,22,29,13
57,22,30,5
58,22,30,6
59,22,30,7
60,22,30,8
61,22,30,9
62,22,30,10
63,22,30,11
64,22,30,12
58,22,31,5
59,22,31,6
60,22,31,7
61,22,31,8
62,22,31,9
63,22,31,10
64,22,31,11
65,22,31,12
60,22,32,6
61,22,32,7
62,22,32,8
63,22,32,9
64,22,32,10
65,22,32,11
37,23,7,7
38,23,7,8
39,23,7,9
40,23,7,10
41,23,7,11
37,23,8,6
38,23,8,7
39,23,8,8
40,23,8,9
41,23,8,10
42,23,8,11
38,23,9,6
39,23,9,7
40,23,9,8
41,23,9,9
42,23,9,10
43,23,9,11
39,23,10,6
40,23,10,7
41,23,10,8
42,23,10,9
43,23,10,10
44,23,10,11
46,23,10,13
39,23,11,5
40,23,11,6
41,23,11,7
42,23,11,8
43,23,11,9
44,23,11,10
45,23,11,11
46,23,11,12
47,23,11,13
48,23,11,14
49,23,11,15
38,23,12,3
39,23,12,4
40,23,12,5
41,23,12,6
42,23,12,7
43,23,12,8
44,23,12,9
45,23,12,10
46,23,12,11
47,23,12,12
48,23,12,13
49,23,12,14
50,23,12,15
51,23,12,16
39,23,13,3
40,23,13,4
41,23,13,5
42,23,13,6
43,23,13,7
44,23,13,8
45,23,13,9
46,23,13,10
47,23,13,11
48,23,13,12
49,23,13,13
50,23,13,14
51,23,13,15
52,23,13,16
39,23,14,2
40,23,14,3
41,23,14,4
42,23,14,5
43,23,14,6
44,23,14,7
45,23,14,8
46,23,14,9
47,23,14,10
48,23,14,11
49,23,14,12
50,23,14,13
51,23,14,14
52,23,14,15
53,23,14,16
54,23,14,17
40,23,15,2
41,23,15,3
42,23,15,4
43,23,15,5
44,23,15,6
45,23,15,7
46,23,15,8
47,23,15,9
48,23,15,10
49,23,15,11
50,23,15,12
51,23,15,13
52,23,15,14
53,23,15,15
54,23,15,16
55,23,15,17
41,23,16,2
42,23,16,3
43,23,16,4
44,23,16,5
45,23,16,6
46,23,16,7
47,23,16,8
48,23,16,9
49,23,16,10
50,23,16,11
51,23,16,12
52,23,16,13
53,23,16,14
54,23,16,15
55,23,16,16
56,23,16,17
42,23,17,2
43,23,17,3
44,23,17,4
45,23,17,5
46,23,17,6
47,23,17,7
48,23,17,8
49,23,17,9
50,23,17,10
51,23,17,11
52,23,17,12
53,23,17,13
54,23,17,14
55,23,17,15
56,23,17,16
57,23,17,17
44,23,18,3
45,23,18,4
46,23,18,5
47,23,18,6
48,23,18,7
49,23,18,8
50,23,18,9
51,23,18,10
52,23,18,11
53,23,18,12
54,23,18,13
55,23,18,14
56,23,18,15
57,23,18,16
45,23,19,3
46,23,19,4
47,23,19,5
48,23,19,6
49,23,19,7
50,23,19,8
51,23,19,9
52,23,19,10
53,23,19,11
54,23,19,12
55,23,19,13
56,23,19,14
57,23,19,15
58,23,19,16
46,23,20,3
47,23,20,4
48,23,20,5
49,23,20,6
50,23,20,7
51,23,20,8
52,23,20,9
53,23,20,10
54,23,20,11
55,23,20,12
56,23,20,13
57,23,20,14
58,23,20,15
59,23,20,16
46,23,21,2
47,23,21,3
48,23,21,4
49,23,21,5
50,23,21,6
51,23,21,7
52,23,21,8
53,23,21,9
54,23,21,10
55,23,21,11
56,23,21,12
57,23,21,13
58,23,21,14
59,23,21,15
46,23,22,1
47,23,22,2
48,23,22,3
49,23,22,4
50,23,22,5
51,23,22,6
52,23,22,7
53,23,22,8
54,23,22,9
55,23,22,10
56,23,22,11
57,23,22,12
58,23,22,13
59,23,22,14
60,23,22,15
47,23,23,1
48,23,23,2
49,23,23,3
50,23,23,4
51,23,23,5
52,23,23,6
53,23,23,7
54,23,23,8
55,23,23,9
56,23,23,10
57,23,23,11
58,23,23,12
59,23,23,13
60,23,23,14
48,23,24,1
49,23,24,2
50,23,24,3
51,23,24,4
52,23,24,5
53,23,24,6
54,23,24,7
55,23,24,8
56,23,24,9
57,23,24,10
58,23,24,11
59,23,24,12
60,23,24,13
61,23,24,14
50,23,25,2
51,23,25,3
52,23,25,4
53,23,25,5
54,23,25,6
55,23,25,7
56,23,25,8
57,23,25,9
58,23,25,10
59,23,25,11
60,23,25,12
51,23,26,2
52,23,26,3
53,23,26,4
54,23,26,5
55,23,26,6
56,23,26,7
57,23,26,8
58,23,26,9
59,23,26,10
60,23,26,11
52,23,27,2
53,23,27,3
54,23,27,4
55,23,27,5
56,23,27,6
57,23,27,7
58,23,27,8
59,23,27,9
60,23,27,10
61,23,27,11
62,23,27,12
54,23,28,3
55,23,28,4
56,23,28,5
57,23,28,6
58,23,28,7
59,23,28,8
60,23,28,9
61,23,28,10
62,23,28,11
63,23,28,12
64,23,28,13
56,23,29,4
57,23,29,5
58,23,29,6
59,23,29,7
60,23,29,8
61,23,29,9
62,23,29,10
63,23,29,11
64,23,29,12
65,23,29,13
57,23,30,4
58,23,30,5
59,23,30,6
60,23,30,7
61,23,30,8
62,23,30,9
63,23,30,10
64,23,30,11
65,23,30,12
66,23,30,13
59,23,31,5
60,23,31,6
61,23,31,7
62,23,31,8
63,23,31,9
64,23,31,10
65,23,31,11
66,23,31,12
61,23,32,6
63,23,32,8
64,23,32,9
65,23,32,10
66,23,32,11
67,23,32,12
37,24,7,6
38,24,7,7
39,24,7,8
40,24,7,9
41,24,7,10
42,24,7,11
43,24,7,12
37,24,8,5
38,24,8,6
39,24,8,7
40,24,8,8
41,24,8,9
42,24,8,10
43,24,8,11
44,24,8,12
38,24,9,5
39,24,9,6
40,24,9,7
41,24,9,8
42,24,9,9
43,24,9,10
44,24,9,11
45,24,9,12
39,24,10,5
40,24,10,6
41,24,10,7
42,24,10,8
43,24,10,9
44,24,10,10
45,24,10,11
46,24,10,12
47,24,10,13
40,24,11,5
41,24,11,6
42,24,11,7
43,24,11,8
44,24,11,9
45,24,11,10
46,24,11,11
47,24,11,12
48,24,11,13
49,24,11,14
50,24,11,15
39,24,12,3
40,24,12,4
41,24,12,5
42,24,12,6
43,24,12,7
44,24,12,8
45,24,12,9
46,24,12,10
47,24,12,11
48,24,12,12
49,24,12,13
50,24,12,14
51,24,12,15
52,24,12,16
40,24,13,3
41,24,13,4
42,24,13,5
43,24,13,6
44,24,13,7
45,24,13,8
46,24,13,9
47,24,13,10
48,24,13,11
49,24,13,12
50,24,13,13
51,24,13,14
52,24,13,15
53,24,13,16
40,24,14,2
41,24,14,3
42,24,14,4
43,24,14,5
44,24,14,6
45,24,14,7
46,24,14,8
47,24,14,9
48,24,14,10
49,24,14,11
50,24,14,12
51,24,14,13
52,24,14,14
53,24,14,15
54,24,14,16
55,24,14,17
41,24,15,2
42,24,15,3
43,24,15,4
44,24,15,5
45,24,15,6
46,24,15,7
47,24,15,8
48,24,15,9
49,24,15,10
50,24,15,11
51,24,15,12
52,24,15,13
53,24,15,14
54,24,15,15
55,24,15,16
56,24,15,17
42,24,16,2
43,24,16,3
44,24,16,4
45,24,16,5
46,24,16,6
47,24,16,7
48,24,16,8
49,24,16,9
50,24,16,10
51,24,16,11
52,24,16,12
53,24,16,13
54,24,16,14
55,24,16,15
56,24,16,16
57,24,16,17
43,24,17,2
44,24,17,3
45,24,17,4
46,24,17,5
47,24,17,6
48,24,17,7
49,24,17,8
50,24,17,9
51,24,17,10
52,24,17,11
53,24,17,12
54,24,17,13
55,24,17,14
56,24,17,15
57,24,17,16
58,24,17,17
45,24,18,3
46,24,18,4
47,24,18,5
48,24,18,6
49,24,18,7
50,24,18,8
51,24,18,9
52,24,18,10
53,24,18,11
54,24,18,12
55,24,18,13
56,24,18,14
57,24,18,15
58,24,18,16
46,24,19,3
47,24,19,4
48,24,19,5
49,24,19,6
50,24,19,7
51,24,19,8
52,24,19,9
53,24,19,10
54,24,19,11
55,24,19,12
56,24,19,13
57,24,19,14
58,24,19,15
59,24,19,16
47,24,20,3
48,24,20,4
49,24,20,5
50,24,20,6
51,24,20,7
52,24,20,8
53,24,20,9
54,24,20,10
55,24,20,11
56,24,20,12
57,24,20,13
58,24,20,14
59,24,20,15
60,24,20,16
47,24,21,2
48,24,21,3
49,24,21,4
50,24,21,5
51,24,21,6
52,24,21,7
53,24,21,8
54,24,21,9
55,24,21,10
56,24,21,11
57,24,21,12
58,24,21,13
59,24,21,14
60,24,21,15
61,24,21,16
47,24,22,1
48,24,22,2
49,24,22,3
50,24,22,4
51,24,22,5
52,24,22,6
53,24,22,7
54,24,22,8
55,24,22,9
56,24,22,10
57,24,22,11
58,24,22,12
59,24,22,13
60,24,22,14
61,24,22,15
48,24,23,1
49,24,23,2
50,24,23,3
51,24,23,4
52,24,23,5
53,24,23,6
54,24,23,7
55,24,23,8
56,24,23,9
57,24,23,10
58,24,23,11
59,24,23,12
60,24,23,13
61,24,23,14
49,24,24,1
50,24,24,2
51,24,24,3
52,24,24,4
53,24,24,5
54,24,24,6
55,24,24,7
56,24,24,8
57,24,24,9
58,24,24,10
59,24,24,11
60,24,24,12
61,24,24,13
62,24,24,14
50,24,25,1
51,24,25,2
52,24,25,3
53,24,25,4
54,24,25,5
55,24,25,6
56,24,25,7
57,24,25,8
58,24,25,9
59,24,25,10
60,24,25,11
61,24,25,12
51,24,26,1
52,24,26,2
53,24,26,3
54,24,26,4
55,24,26,5
56,24,26,6
57,24,26,7
58,24,26,8
59,24,26,9
60,24,26,10
61,24,26,11
53,24,27,2
54,24,27,3
55,24,27,4
56,24,27,5
57,24,27,6
58,24,27,7
59,24,27,8
60,24,27,9
61,24,27,10
62,24,27,11
63,24,27,12
55,24,28,3
56,24,28,4
57,24,28,5
58,24,28,6
59,24,28,7
60,24,28,8
61,24,28,9
62,24,28,10
63,24,28,11
64,24,28,12
65,24,28,13
57,24,29,4
58,24,29,5
59,24,29,6
60,24,29,7
61,24,29,8
62,24,29,9
63,24,29,10
64,24,29,11
65,24,29,12
66,24,29,13
58,24,30,4
59,24,30,5
60,24,30,6
61,24,30,7
62,24,30,8
63,24,30,9
64,24,30,10
65,24,30,11
66,24,30,12
67,24,30,13
60,24,31,5
61,24,31,6
62,24,31,7
63,24,31,8
64,24,31,9
65,24,31,10
66,24,31,11
67,24,31,12
62,24,32,6
64,24,32,8
65,24,32,9
66,24,32,10
67,24,32,11
68,24,32,12
38,25,6,7
39,25,6,8
40,25,6,9
37,25,7,5
38,25,7,6
39,25,7,7
40,25,7,8
41,25,7,9
42,25,7,10
43,25,7,11
44,25,7,12
45,25,7,13
38,25,8,5
39,25,8,6
40,25,8,7
41,25,8,8
42,25,8,9
43,25,8,10
44,25,8,11
45,25,8,12
39,25,9,5
40,25,9,6
41,25,9,7
42,25,9,8
43,25,9,9
44,25,9,10
45,25,9,11
46,25,9,12
47,25,9,13
40,25,10,5
41,25,10,6
42,25,10,7
43,25,10,8
44,25,10,9
45,25,10,10
46,25,10,11
47,25,10,12
48,25,10,13
40,25,11,4
41,25,11,5
42,25,11,6
43,25,11,7
44,25,11,8
45,25,11,9
46,25,11,10
47,25,11,11
48,25,11,12
49,25,11,13
50,25,11,14
51,25,11,15
40,25,12,3
41,25,12,4
42,25,12,5
43,25,12,6
44,25,12,7
45,25,12,8
46,25,12,9
47,25,12,10
48,25,12,11
49,25,12,12
50,25,12,13
51,25,12,14
52,25,12,15
53,25,12,16
40,25,13,2
41,25,13,3
42,25,13,4
43,25,13,5
44,25,13,6
45,25,13,7
46,25,13,8
47,25,13,9
48,25,13,10
49,25,13,11
50,25,13,12
51,25,13,13
52,25,13,14
53,25,13,15
54,25,13,16
41,25,14,2
42,25,14,3
43,25,14,4
44,25,14,5
45,25,14,6
46,25,14,7
47,25,14,8
48,25,14,9
49,25,14,10
50,25,14,11
51,25,14,12
52,25,14,13
53,25,14,14
54,25,14,15
55,25,14,16
42,25,15,2
43,25,15,3
44,25,15,4
45,25,15,5
46,25,15,6
47,25,15,7
48,25,15,8
49,25,15,9
50,25,15,10
51,25,15,11
52,25,15,12
53,25,15,13
54,25,15,14
55,25,15,15
56,25,15,16
57,25,15,17
43,25,16,2
44,25,16,3
45,25,16,4
46,25,16,5
47,25,16,6
48,25,16,7
49,25,16,8
50,25,16,9
51,25,16,10
52,25,16,11
53,25,16,12
54,25,16,13
55,25,16,14
56,25,16,15
57,25,16,16
58,25,16,17
44,25,17,2
45,25,17,3
46,25,17,4
47,25,17,5
48,25,17,6
49,25,17,7
50,25,17,8
51,25,17,9
52,25,17,10
53,25,17,11
54,25,17,12
55,25,17,13
56,25,17,14
57,25,17,15
58,25,17,16
46,25,18,3
47,25,18,4
48,25,18,5
49,25,18,6
50,25,18,7
51,25,18,8
52,25,18,9
53,25,18,10
54,25,18,11
55,25,18,12
56,25,18,13
57,25,18,14
58,25,18,15
59,25,18,16
47,25,19,3
48,25,19,4
49,25,19,5
50,25,19,6
51,25,19,7
52,25,19,8
53,25,19,9
54,25,19,10
55,25,19,11
56,25,19,12
57,25,19,13
58,25,19,14
59,25,19,15
60,25,19,16
48,25,20,3
49,25,20,4
50,25,20,5
51,25,20,6
52,25,20,7
53,25,20,8
54,25,20,9
55,25,20,10
56,25,20,11
57,25,20,12
58,25,20,13
59,25,20,14
60,25,20,15
61,25,20,16
48,25,21,2
49,25,21,3
50,25,21,4
51,25,21,5
52,25,21,6
53,25,21,7
54,25,21,8
55,25,21,9
56,25,21,10
57,25,21,11
58,25,21,12
59,25,21,13
60,25,21,14
61,25,21,15
62,25,21,16
49,25,22,2
50,25,22,3
51,25,22,4
52,25,22,5
53,25,22,6
54,25,22,7
55,25,22,8
56,25,22,9
57,25,22,10
58,25,22,11
59,25,22,12
60,25,22,13
61,25,22,14
62,25,22,15
49,25,23,1
50,25,23,2
51,25,23,3
52,25,23,4
53,25,23,5
54,25,23,6
55,25,23,7
56,25,23,8
57,25,23,9
58,25,23,10
59,25,23,11
60,25,23,12
61,25,23,13
62,25,23,14
50,25,24,1
51,25,24,2
52,25,24,3
53,25,24,4
54,25,24,5
55,25,24,6
56,25,24,7
57,25,24,8
58,25,24,9
59,25,24,10
60,25,24,11
61,25,24,12
62,25,24,13
63,25,24,14
51,25,25,1
52,25,25,2
53,25,25,3
54,25,25,4
55,25,25,5
56,25,25,6
57,25,25,7
58,25,25,8
59,25,25,9
60,25,25,10
61,25,25,11
62,25,25,12
52,25,26,1
53,25,26,2
54,25,26,3
55,25,26,4
56,25,26,5
57,25,26,6
58,25,26,7
59,25,26,8
60,25,26,9
61,25,26,10
62,25,26,11
54,25,27,2
55,25,27,3
56,25,27,4
57,25,27,5
58,25,27,6
59,25,27,7
60,25,27,8
61,25,27,9
62,25,27,10
63,25,27,11
56,25,28,3
57,25,28,4
58,25,28,5
59,25,28,6
60,25,28,7
61,25,28,8
62,25,28,9
63,25,28,10
64,25,28,11
65,25,28,12
58,25,29,4
59,25,29,5
60,25,29,6
61,25,29,7
62,25,29,8
63,25,29,9
64,25,29,10
65,25,29,11
66,25,29,12
61,25,30,6
62,25,30,7
63,25,30,8
64,25,30,9
65,25,30,10
66,25,30,11
67,25,30,12
64,25,31,8
65,25,31,9
66,25,31,10
67,25,31,11
68,25,31,12
66,25,32,9
67,25,32,10
35,26,2,7
36,26,2,8
37,26,2,9
38,26,2,10
39,26,2,11
40,26,2,12
37,26,3,8
37,26,4,7
38,26,4,8
39,26,4,9
38,26,5,7
39,26,5,8
40,26,5,9
38,26,6,6
39,26,6,7
40,26,6,8
41,26,6,9
42,26,6,10
43,26,6,11
38,26,7,5
39,26,7,6
40,26,7,7
41,26,7,8
42,26,7,9
43,26,7,10
44,26,7,11
45,26,7,12
46,26,7,13
38,26,8,4
39,26,8,5
40,26,8,6
41,26,8,7
42,26,8,8
43,26,8,9
44,26,8,10
45,26,8,11
46,26,8,12
47,26,8,13
40,26,9,5
41,26,9,6
42,26,9,7
43,26,9,8
44,26,9,9
45,26,9,10
46,26,9,11
47,26,9,12
48,26,9,13
40,26,10,4
41,26,10,5
42,26,10,6
43,26,10,7
44,26,10,8
45,26,10,9
46,26,10,10
47,26,10,11
48,26,10,12
49,26,10,13
41,26,11,4
42,26,11,5
43,26,11,6
44,26,11,7
45,26,11,8
46,26,11,9
47,26,11,10
48,26,11,11
49,26,11,12
50,26,11,13
51,26,11,14
52,26,11,15
41,26,12,3
42,26,12,4
43,26,12,5
44,26,12,6
45,26,12,7
46,26,12,8
47,26,12,9
48,26,12,10
49,26,12,11
50,26,12,12
51,26,12,13
52,26,12,14
53,26,12,15
54,26,12,16
42,26,13,3
43,26,13,4
44,26,13,5
45,26,13,6
46,26,13,7
47,26,13,8
48,26,13,9
49,26,13,10
50,26,13,11
51,26,13,12
52,26,13,13
53,26,13,14
54,26,13,15
55,26,13,16
42,26,14,2
43,26,14,3
44,26,14,4
45,26,14,5
46,26,14,6
47,26,14,7
48,26,14,8
49,26,14,9
50,26,14,10
51,26,14,11
52,26,14,12
53,26,14,13
54,26,14,14
55,26,14,15
56,26,14,16
43,26,15,2
44,26,15,3
45,26,15,4
46,26,15,5
47,26,15,6
48,26,15,7
49,26,15,8
50,26,15,9
51,26,15,10
52,26,15,11
53,26,15,12
54,26,15,13
55,26,15,14
56,26,15,15
57,26,15,16
44,26,16,2
45,26,16,3
46,26,16,4
47,26,16,5
48,26,16,6
49,26,16,7
50,26,16,8
51,26,16,9
52,26,16,10
53,26,16,11
54,26,16,12
55,26,16,13
56,26,16,14
57,26,16,15
58,26,16,16
45,26,17,2
46,26,17,3
47,26,17,4
48,26,17,5
49,26,17,6
50,26,17,7
51,26,17,8
52,26,17,9
53,26,17,10
54,26,17,11
55,26,17,12
56,26,17,13
57,26,17,14
58,26,17,15
59,26,17,16
47,26,18,3
48,26,18,4
49,26,18,5
50,26,18,6
51,26,18,7
52,26,18,8
53,26,18,9
54,26,18,10
55,26,18,11
56,26,18,12
57,26,18,13
58,26,18,14
59,26,18,15
60,26,18,16
48,26,19,3
49,26,19,4
50,26,19,5
51,26,19,6
52,26,19,7
53,26,19,8
54,26,19,9
55,26,19,10
56,26,19,11
57,26,19,12
58,26,19,13
59,26,19,14
60,26,19,15
61,26,19,16
49,26,20,3
50,26,20,4
51,26,20,5
52,26,20,6
53,26,20,7
54,26,20,8
55,26,20,9
56,26,20,10
57,26,20,11
58,26,20,12
59,26,20,13
60,26,20,14
61,26,20,15
62,26,20,16
49,26,21,2
50,26,21,3
51,26,21,4
52,26,21,5
53,26,21,6
54,26,21,7
55,26,21,8
56,26,21,9
57,26,21,10
58,26,21,11
59,26,21,12
60,26,21,13
61,26,21,14
62,26,21,15
63,26,21,16
49,26,22,1
50,26,22,2
51,26,22,3
52,26,22,4
53,26,22,5
54,26,22,6
55,26,22,7
56,26,22,8
57,26,22,9
58,26,22,10
59,26,22,11
60,26,22,12
61,26,22,13
62,26,22,14
63,26,22,15
50,26,23,1
51,26,23,2
52,26,23,3
53,26,23,4
54,26,23,5
55,26,23,6
56,26,23,7
57,26,23,8
58,26,23,9
59,26,23,10
60,26,23,11
61,26,23,12
62,26,23,13
63,26,23,14
51,26,24,1
52,26,24,2
53,26,24,3
54,26,24,4
55,26,24,5
56,26,24,6
57,26,24,7
58,26,24,8
59,26,24,9
60,26,24,10
61,26,24,11
62,26,24,12
63,26,24,13
52,26,25,1
53,26,25,2
54,26,25,3
55,26,25,4
56,26,25,5
57,26,25,6
58,26,25,7
59,26,25,8
60,26,25,9
61,26,25,10
62,26,25,11
63,26,25,12
54,26,26,2
55,26,26,3
56,26,26,4
57,26,26,5
58,26,26,6
59,26,26,7
60,26,26,8
61,26,26,9
62,26,26,10
63,26,26,11
55,26,27,2
56,26,27,3
57,26,27,4
58,26,27,5
59,26,27,6
60,26,27,7
61,26,27,8
62,26,27,9
63,26,27,10
56,26,28,2
57,26,28,3
58,26,28,4
59,26,28,5
60,26,28,6
61,26,28,7
62,26,28,8
63,26,28,9
64,26,28,10
60,26,29,5
61,26,29,6
62,26,29,7
63,26,29,8
64,26,29,9
65,26,29,10
64,26,30,8
65,26,30,9
66,26,30,10
34,27,1,6
35,27,1,7
36,27,1,8
37,27,1,9
38,27,1,10
39,27,1,11
40,27,1,12
41,27,1,13
35,27,2,6
36,27,2,7
37,27,2,8
38,27,2,9
39,27,2,10
40,27,2,11
41,27,2,12
42,27,2,13
36,27,3,6
37,27,3,7
38,27,3,8
39,27,3,9
40,27,3,10
41,27,3,11
42,27,3,12
43,27,3,13
37,27,4,6
38,27,4,7
39,27,4,8
40,27,4,9
41,27,4,10
38,27,5,6
39,27,5,7
40,27,5,8
41,27,5,9
42,27,5,10
39,27,6,6
40,27,6,7
41,27,6,8
42,27,6,9
43,27,6,10
44,27,6,11
45,27,6,12
39,27,7,5
40,27,7,6
41,27,7,7
42,27,7,8
43,27,7,9
44,27,7,10
45,27,7,11
46,27,7,12
47,27,7,13
39,27,8,4
40,27,8,5
41,27,8,6
42,27,8,7
43,27,8,8
44,27,8,9
45,27,8,10
46,27,8,11
47,27,8,12
48,27,8,13
41,27,9,5
42,27,9,6
43,27,9,7
44,27,9,8
45,27,9,9
46,27,9,10
47,27,9,11
48,27,9,12
49,27,9,13
41,27,10,4
42,27,10,5
43,27,10,6
44,27,10,7
45,27,10,8
46,27,10,9
47,27,10,10
48,27,10,11
49,27,10,12
50,27,10,13
43,27,11,5
44,27,11,6
45,27,11,7
46,27,11,8
47,27,11,9
48,27,11,10
49,27,11,11
50,27,11,12
51,27,11,13
52,27,11,14
42,27,12,3
43,27,12,4
44,27,12,5
45,27,12,6
46,27,12,7
47,27,12,8
48,27,12,9
49,27,12,10
50,27,12,11
51,27,12,12
52,27,12,13
53,27,12,14
54,27,12,15
43,27,13,3
44,27,13,4
45,27,13,5
46,27,13,6
47,27,13,7
48,27,13,8
49,27,13,9
50,27,13,10
51,27,13,11
52,27,13,12
53,27,13,13
54,27,13,14
55,27,13,15
44,27,14,3
45,27,14,4
46,27,14,5
47,27,14,6
48,27,14,7
49,27,14,8
50,27,14,9
51,27,14,10
52,27,14,11
53,27,14,12
54,27,14,13
55,27,14,14
56,27,14,15
44,27,15,2
45,27,15,3
46,27,15,4
47,27,15,5
48,27,15,6
49,27,15,7
50,27,15,8
51,27,15,9
52,27,15,10
53,27,15,11
54,27,15,12
55,27,15,13
56,27,15,14
57,27,15,15
58,27,15,16
45,27,16,2
46,27,16,3
47,27,16,4
48,27,16,5
49,27,16,6
50,27,16,7
51,27,16,8
52,27,16,9
53,27,16,10
54,27,16,11
55,27,16,12
56,27,16,13
57,27,16,14
58,27,16,15
59,27,16,16
47,27,17,3
48,27,17,4
49,27,17,5
50,27,17,6
51,27,17,7
52,27,17,8
53,27,17,9
54,27,17,10
55,27,17,11
56,27,17,12
57,27,17,13
58,27,17,14
59,27,17,15
60,27,17,16
48,27,18,3
49,27,18,4
50,27,18,5
51,27,18,6
52,27,18,7
53,27,18,8
54,27,18,9
55,27,18,10
56,27,18,11
57,27,18,12
58,27,18,13
59,27,18,14
60,27,18,15
61,27,18,16
49,27,19,3
50,27,19,4
51,27,19,5
52,27,19,6
53,27,19,7
54,27,19,8
55,27,19,9
56,27,19,10
57,27,19,11
58,27,19,12
59,27,19,13
60,27,19,14
61,27,19,15
49,27,20,2
50,27,20,3
51,27,20,4
52,27,20,5
53,27,20,6
54,27,20,7
55,27,20,8
56,27,20,9
57,27,20,10
58,27,20,11
59,27,20,12
60,27,20,13
61,27,20,14
62,27,20,15
63,27,20,16
50,27,21,2
51,27,21,3
52,27,21,4
53,27,21,5
54,27,21,6
55,27,21,7
56,27,21,8
57,27,21,9
58,27,21,10
59,27,21,11
60,27,21,12
61,27,21,13
62,27,21,14
63,27,21,15
51,27,22,2
52,27,22,3
53,27,22,4
54,27,22,5
55,27,22,6
56,27,22,7
57,27,22,8
58,27,22,9
59,27,22,10
60,27,22,11
61,27,22,12
62,27,22,13
63,27,22,14
52,27,23,2
53,27,23,3
54,27,23,4
55,27,23,5
56,27,23,6
57,27,23,7
58,27,23,8
59,27,23,9
60,27,23,10
61,27,23,11
62,27,23,12
63,27,23,13
53,27,24,2
54,27,24,3
55,27,24,4
56,27,24,5
57,27,24,6
58,27,24,7
59,27,24,8
60,27,24,9
61,27,24,10
62,27,24,11
63,27,24,12
64,27,24,13
53,27,25,1
54,27,25,2
55,27,25,3
56,27,25,4
57,27,25,5
58,27,25,6
59,27,25,7
60,27,25,8
61,27,25,9
62,27,25,10
63,27,25,11
64,27,25,12
54,27,26,1
55,27,26,2
56,27,26,3
57,27,26,4
58,27,26,5
59,27,26,6
60,27,26,7
61,27,26,8
62,27,26,9
63,27,26,10
64,27,26,11
65,27,26,12
56,27,27,2
57,27,27,3
58,27,27,4
59,27,27,5
60,27,27,6
61,27,27,7
62,27,27,8
63,27,27,9
64,27,27,10
65,27,27,11
58,27,28,3
59,27,28,4
60,27,28,5
61,27,28,6
62,27,28,7
63,27,28,8
64,27,28,9
65,27,28,10
60,27,29,4
61,27,29,5
62,27,29,6
63,27,29,7
64,27,29,8
35,28,1,6
36,28,1,7
37,28,1,8
38,28,1,9
39,28,1,10
40,28,1,11
41,28,1,12
42,28,1,13
36,28,2,6
37,28,2,7
38,28,2,8
39,28,2,9
40,28,2,10
41,28,2,11
42,28,2,12
43,28,2,13
37,28,3,6
38,28,3,7
39,28,3,8
40,28,3,9
41,28,3,10
42,28,3,11
43,28,3,12
44,28,3,13
38,28,4,6
39,28,4,7
40,28,4,8
41,28,4,9
42,28,4,10
39,28,5,6
40,28,5,7
41,28,5,8
42,28,5,9
43,28,5,10
40,28,6,6
41,28,6,7
42,28,6,8
43,28,6,9
44,28,6,10
45,28,6,11
40,28,7,5
41,28,7,6
42,28,7,7
43,28,7,8
44,28,7,9
45,28,7,10
46,28,7,11
47,28,7,12
48,28,7,13
40,28,8,4
41,28,8,5
42,28,8,6
43,28,8,7
44,28,8,8
45,28,8,9
46,28,8,10
47,28,8,11
48,28,8,12
49,28,8,13
42,28,9,5
43,28,9,6
44,28,9,7
45,28,9,8
46,28,9,9
47,28,9,10
48,28,9,11
49,28,9,12
50,28,9,13
42,28,10,4
43,28,10,5
44,28,10,6
45,28,10,7
46,28,10,8
47,28,10,9
48,28,10,10
49,28,10,11
50,28,10,12
51,28,10,13
44,28,11,5
45,28,11,6
46,28,11,7
47,28,11,8
48,28,11,9
49,28,11,10
50,28,11,11
51,28,11,12
52,28,11,13
44,28,12,4
45,28,12,5
46,28,12,6
47,28,12,7
48,28,12,8
49,28,12,9
50,28,12,10
51,28,12,11
52,28,12,12
53,28,12,13
54,28,12,14
44,28,13,3
45,28,13,4
46,28,13,5
47,28,13,6
48,28,13,7
49,28,13,8
50,28,13,9
51,28,13,10
52,28,13,11
53,28,13,12
54,28,13,13
55,28,13,14
56,28,13,15
45,28,14,3
46,28,14,4
47,28,14,5
48,28,14,6
49,28,14,7
50,28,14,8
51,28,14,9
52,28,14,10
53,28,14,11
54,28,14,12
55,28,14,13
56,28,14,14
57,28,14,15
46,28,15,3
47,28,15,4
48,28,15,5
49,28,15,6
50,28,15,7
51,28,15,8
52,28,15,9
53,28,15,10
54,28,15,11
55,28,15,12
56,28,15,13
57,28,15,14
58,28,15,15
47,28,16,3
48,28,16,4
49,28,16,5
50,28,16,6
51,28,16,7
52,28,16,8
53,28,16,9
54,28,16,10
55,28,16,11
56,28,16,12
57,28,16,13
58,28,16,14
59,28,16,15
48,28,17,3
49,28,17,4
50,28,17,5
51,28,17,6
52,28,17,7
53,28,17,8
54,28,17,9
55,28,17,10
56,28,17,11
57,28,17,12
58,28,17,13
59,28,17,14
60,28,17,15
49,28,18,3
50,28,18,4
51,28,18,5
52,28,18,6
53,28,18,7
54,28,18,8
55,28,18,9
56,28,18,10
57,28,18,11
58,28,18,12
59,28,18,13
60,28,18,14
61,28,18,15
50,28,19,3
51,28,19,4
52,28,19,5
53,28,19,6
54,28,19,7
55,28,19,8
56,28,19,9
57,28,19,10
58,28,19,11
59,28,19,12
60,28,19,13
61,28,19,14
62,28,19,15
52,28,20,4
53,28,20,5
54,28,20,6
55,28,20,7
56,28,20,8
57,28,20,9
58,28,20,10
59,28,20,11
60,28,20,12
61,28,20,13
62,28,20,14
63,28,20,15
52,28,21,3
53,28,21,4
54,28,21,5
55,28,21,6
56,28,21,7
57,28,21,8
58,28,21,9
59,28,21,10
60,28,21,11
61,28,21,12
62,28,21,13
63,28,21,14
64,28,21,15
53,28,22,3
54,28,22,4
55,28,22,5
56,28,22,6
57,28,22,7
58,28,22,8
59,28,22,9
60,28,22,10
61,28,22,11
62,28,22,12
63,28,22,13
64,28,22,14
53,28,23,2
54,28,23,3
55,28,23,4
56,28,23,5
57,28,23,6
58,28,23,7
59,28,23,8
60,28,23,9
61,28,23,10
62,28,23,11
63,28,23,12
64,28,23,13
54,28,24,2
55,28,24,3
56,28,24,4
57,28,24,5
58,28,24,6
59,28,24,7
60,28,24,8
61,28,24,9
62,28,24,10
63,28,24,11
64,28,24,12
65,28,24,13
55,28,25,2
56,28,25,3
57,28,25,4
58,28,25,5
59,28,25,6
60,28,25,7
61,28,25,8
62,28,25,9
63,28,25,10
64,28,25,11
65,28,25,12
56,28,26,2
57,28,26,3
58,28,26,4
59,28,26,5
60,28,26,6
61,28,26,7
62,28,26,8
63,28,26,9
64,28,26,10
65,28,26,11
58,28,27,3
59,28,27,4
60,28,27,5
61,28,27,6
62,28,27,7
63,28,27,8
64,28,27,9
65,28,27,10
66,28,27,11
60,28,28,4
61,28,28,5
62,28,28,6
63,28,28,7
64,28,28,8
65,28,28,9
66,28,28,10
36,29,1,6
37,29,1,7
38,29,1,8
39,29,1,9
40,29,1,10
41,29,1,11
42,29,1,12
43,29,1,13
37,29,2,6
38,29,2,7
39,29,2,8
40,29,2,9
41,29,2,10
42,29,2,11
43,29,2,12
44,29,2,13
38,29,3,6
39,29,3,7
40,29,3,8
41,29,3,9
42,29,3,10
43,29,3,11
44,29,3,12
40,29,4,7
41,29,4,8
42,29,4,9
40,29,5,6
41,29,5,7
42,29,5,8
43,29,5,9
41,29,6,6
42,29,6,7
43,29,6,8
44,29,6,9
45,29,6,10
42,29,7,6
43,29,7,7
44,29,7,8
45,29,7,9
46,29,7,10
47,29,7,11
48,29,7,12
42,29,8,5
43,29,8,6
44,29,8,7
45,29,8,8
46,29,8,9
47,29,8,10
48,29,8,11
49,29,8,12
50,29,8,13
43,29,9,5
44,29,9,6
45,29,9,7
46,29,9,8
47,29,9,9
48,29,9,10
49,29,9,11
50,29,9,12
51,29,9,13
44,29,10,5
45,29,10,6
46,29,10,7
47,29,10,8
48,29,10,9
49,29,10,10
50,29,10,11
51,29,10,12
52,29,10,13
45,29,11,5
46,29,11,6
47,29,11,7
48,29,11,8
49,29,11,9
50,29,11,10
51,29,11,11
52,29,11,12
53,29,11,13
46,29,12,5
47,29,12,6
48,29,12,7
49,29,12,8
50,29,12,9
51,29,12,10
52,29,12,11
53,29,12,12
54,29,12,13
55,29,12,14
46,29,13,4
47,29,13,5
48,29,13,6
49,29,13,7
50,29,13,8
51,29,13,9
52,29,13,10
53,29,13,11
54,29,13,12
55,29,13,13
56,29,13,14
47,29,14,4
48,29,14,5
49,29,14,6
50,29,14,7
51,29,14,8
52,29,14,9
53,29,14,10
54,29,14,11
55,29,14,12
56,29,14,13
57,29,14,14
48,29,15,4
49,29,15,5
50,29,15,6
51,29,15,7
52,29,15,8
53,29,15,9
54,29,15,10
55,29,15,11
56,29,15,12
57,29,15,13
58,29,15,14
49,29,16,4
50,29,16,5
51,29,16,6
52,29,16,7
53,29,16,8
54,29,16,9
55,29,16,10
56,29,16,11
57,29,16,12
58,29,16,13
59,29,16,14
50,29,17,4
51,29,17,5
52,29,17,6
53,29,17,7
54,29,17,8
55,29,17,9
56,29,17,10
57,29,17,11
58,29,17,12
59,29,17,13
60,29,17,14
51,29,18,4
52,29,18,5
53,29,18,6
54,29,18,7
55,29,18,8
56,29,18,9
57,29,18,10
58,29,18,11
59,29,18,12
60,29,18,13
61,29,18,14
52,29,19,4
53,29,19,5
54,29,19,6
55,29,19,7
56,29,19,8
57,29,19,9
58,29,19,10
59,29,19,11
60,29,19,12
61,29,19,13
62,29,19,14
53,29,20,4
54,29,20,5
55,29,20,6
56,29,20,7
57,29,20,8
58,29,20,9
59,29,20,10
60,29,20,11
61,29,20,12
62,29,20,13
63,29,20,14
54,29,21,4
55,29,21,5
56,29,21,6
57,29,21,7
58,29,21,8
59,29,21,9
60,29,21,10
61,29,21,11
62,29,21,12
63,29,21,13
64,29,21,14
54,29,22,3
55,29,22,4
56,29,22,5
57,29,22,6
58,29,22,7
59,29,22,8
60,29,22,9
61,29,22,10
62,29,22,11
63,29,22,12
64,29,22,13
54,29,23,2
55,29,23,3
56,29,23,4
57,29,23,5
58,29,23,6
59,29,23,7
60,29,23,8
61,29,23,9
62,29,23,10
63,29,23,11
64,29,23,12
65,29,23,13
55,29,24,2
56,29,24,3
57,29,24,4
58,29,24,5
59,29,24,6
60,29,24,7
61,29,24,8
62,29,24,9
63,29,24,10
64,29,24,11
65,29,24,12
66,29,24,13
56,29,25,2
57,29,25,3
58,29,25,4
59,29,25,5
60,29,25,6
61,29,25,7
62,29,25,8
63,29,25,9
64,29,25,10
65,29,25,11
66,29,25,12
58,29,26,3
59,29,26,4
60,29,26,5
61,29,26,6
62,29,26,7
63,29,26,8
64,29,26,9
65,29,26,10
59,29,27,3
60,29,27,4
61,29,27,5
62,29,27,6
63,29,27,7
64,29,27,8
65,29,27,9
66,29,27,10
62,29,28,5
63,29,28,6
64,29,28,7
65,29,28,8
40,30,1,9
41,30,1,10
42,30,1,11
43,30,1,12
41,30,2,9
42,30,2,10
43,30,2,11
44,30,2,12
44,30,6,8
45,30,7,8
46,30,7,9
47,30,7,10
45,30,8,7
46,30,8,8
47,30,8,9
48,30,8,10
49,30,8,11
50,30,8,12
45,30,9,6
46,30,9,7
47,30,9,8
48,30,9,9
49,30,9,10
50,30,9,11
51,30,9,12
46,30,10,6
47,30,10,7
48,30,10,8
49,30,10,9
50,30,10,10
51,30,10,11
52,30,10,12
47,30,11,6
48,30,11,7
49,30,11,8
50,30,11,9
51,30,11,10
52,30,11,11
53,30,11,12
48,30,12,6
49,30,12,7
50,30,12,8
51,30,12,9
52,30,12,10
53,30,12,11
54,30,12,12
49,30,13,6
50,30,13,7
51,30,13,8
52,30,13,9
53,30,13,10
54,30,13,11
55,30,13,12
56,30,13,13
49,30,14,5
50,30,14,6
51,30,14,7
52,30,14,8
53,30,14,9
54,30,14,10
55,30,14,11
56,30,14,12
57,30,14,13
50,30,15,5
51,30,15,6
52,30,15,7
53,30,15,8
54,30,15,9
55,30,15,10
56,30,15,11
57,30,15,12
58,30,15,13
51,30,16,5
52,30,16,6
53,30,16,7
54,30,16,8
55,30,16,9
56,30,16,10
57,30,16,11
58,30,16,12
59,30,16,13
52,30,17,5
53,30,17,6
54,30,17,7
55,30,17,8
56,30,17,9
57,30,17,10
58,30,17,11
59,30,17,12
60,30,17,13
53,30,18,5
54,30,18,6
55,30,18,7
56,30,18,8
57,30,18,9
58,30,18,10
59,30,18,11
60,30,18,12
54,30,19,5
55,30,19,6
56,30,19,7
57,30,19,8
58,30,19,9
59,30,19,10
60,30,19,11
61,30,19,12
62,30,19,13
55,30,20,5
56,30,20,6
57,30,20,7
58,30,20,8
59,30,20,9
60,30,20,10
61,30,20,11
62,30,20,12
63,30,20,13
55,30,21,4
56,30,21,5
57,30,21,6
58,30,21,7
59,30,21,8
60,30,21,9
61,30,21,10
62,30,21,11
63,30,21,12
64,30,21,13
55,30,22,3
56,30,22,4
57,30,22,5
58,30,22,6
59,30,22,7
60,30,22,8
61,30,22,9
62,30,22,10
63,30,22,11
56,30,23,3
57,30,23,4
58,30,23,5
59,30,23,6
60,30,23,7
61,30,23,8
62,30,23,9
63,30,23,10
64,30,23,11
57,30,24,3
58,30,24,4
59,30,24,5
60,30,24,6
61,30,24,7
62,30,24,8
63,30,24,9
64,30,24,10
65,30,24,11
58,30,25,3
59,30,25,4
60,30,25,5
61,30,25,6
62,30,25,7
63,30,25,8
64,30,25,9
65,30,25,10
66,30,25,11
59,30,26,3
60,30,26,4
61,30,26,5
62,30,26,6
63,30,26,7
64,30,26,8
65,30,26,9
66,30,26,10
61,30,27,4
62,30,27,5
63,30,27,6
64,30,27,7
65,30,27,8
66,30,27,9
65,30,28,7
49,31,8,10
50,31,8,11
47,31,9,7
48,31,9,8
49,31,9,9
50,31,9,10
51,31,9,11
48,31,10,7
49,31,10,8
50,31,10,9
51,31,10,10
52,31,10,11
52,31,11,10
52,31,12,9
53,31,12,10
52,31,13,8
53,31,13,9
54,31,13,10
53,31,14,8
54,31,14,9
55,31,14,10
54,31,15,8
55,31,15,9
56,31,15,10
57,31,15,11
55,31,16,8
56,31,16,9
57,31,16,10
58,31,16,11
55,31,17,7
56,31,17,8
57,31,17,9
58,31,17,10
59,31,17,11
55,31,18,6
56,31,18,7
57,31,18,8
58,31,18,9
59,31,18,10
60,31,18,11
57,31,19,7
58,31,19,8
57,31,20,6
58,31,20,7
59,31,20,8
56,31,21,4
57,31,21,5
58,31,21,6
59,31,21,7
60,31,21,8
61,31,21,9
62,31,21,10
57,31,22,4
58,31,22,5
59,31,22,6
60,31,22,7
61,31,22,8
62,31,22,9
63,31,22,10
57,31,23,3
58,31,23,4
59,31,23,5
60,31,23,6
61,31,23,7
62,31,23,8
63,31,23,9
64,31,23,10
58,31,24,3
59,31,24,4
60,31,24,5
61,31,24,6
62,31,24,7
63,31,24,8
64,31,24,9
65,31,24,10
59,31,25,3
60,31,25,4
61,31,25,5
62,31,25,6
63,31,25,7
64,31,25,8
65,31,25,9
66,31,25,10
60,31,26,3
61,31,26,4
62,31,26,5
63,31,26,6
64,31,26,7
65,31,26,8
66,31,26,9
62,31,27,4
63,31,27,5
64,31,27,6
65,31,27,7
66,31,27,8
58,32,20,6
59,32,20,7
60,32,20,8
57,32,21,4
58,32,21,5
59,32,21,6
60,32,21,7
61,32,21,8
62,32,21,9
58,32,22,4
59,32,22,5
60,32,22,6
61,32,22,7
62,32,22,8
63,32,22,9
64,32,22,10
58,32,23,3
59,32,23,4
60,32,23,5
61,32,23,6
62,32,23,7
63,32,23,8
64,32,23,9
65,32,23,10
60,32,24,4
61,32,24,5
62,32,24,6
63,32,24,7
64,32,24,8
65,32,24,9
66,32,24,10
61,32,25,4
62,32,25,5
63,32,25,6
64,32,25,7
65,32,25,8
66,32,25,9
67,32,25,10
62,32,26,4
63,32,26,5
64,32,26,6
65,32,26,7
66,32,26,8
67,32,26,9
64,32,27,5
65,32,27,6
66,32,27,7
60,33,20,7
59,33,21,5
60,33,21,6
61,33,21,7
62,33,21,8
63,33,21,9
59,33,22,4
60,33,22,5
61,33,22,6
62,33,22,7
63,33,22,8
64,33,22,9
65,33,22,10
60,33,23,4
61,33,23,5
62,33,23,6
63,33,23,7
64,33,23,8
65,33,23,9
66,33,23,10
61,33,24,4
62,33,24,5
63,33,24,6
64,33,24,7
65,33,24,8
66,33,24,9
67,33,24,10
62,33,25,4
63,33,25,5
64,33,25,6
65,33,25,7
66,33,25,8
67,33,25,9
64,33,26,5
65,33,26,6
66,33,26,7
67,33,26,8
65,33,27,5
66,33,27,6
67,33,27,7
61,34,21,6
62,34,21,7
63,34,21,8
61,34,22,5
62,34,22,6
63,34,22,7
64,34,22,8
65,34,22,9
61,34,23,4
62,34,23,5
63,34,23,6
64,34,23,7
65,34,23,8
66,34,23,9
62,34,24,4
63,34,24,5
64,34,24,6
65,34,24,7
66,34,24,8
67,34,24,9
63,34,25,4
64,34,25,5
65,34,25,6
66,34,25,7
67,34,25,8
68,34,25,9
65,34,26,5
66,34,26,6
67,34,26,7
68,34,26,8
67,34,27,6
62,35,21,6
63,35,21,7
64,35,21,8
62,35,22,5
63,35,22,6
64,35,22,7
65,35,22,8
66,35,22,9
62,35,23,4
63,35,23,5
64,35,23,6
65,35,23,7
66,35,23,8
67,35,23,9
63,35,24,4
64,35,24,5
65,35,24,6
66,35,24,7
67,35,24,8
68,35,24,9
65,35,25,5
66,35,25,6
67,35,25,7
68,35,25,8
66,35,26,5
67,35,26,6
68,35,26,7
69,35,26,8
68,35,27,6
64,36,22,6
65,36,22,7
66,36,22,8
64,36,23,5
65,36,23,6
66,36,23,7
67,36,23,8
68,36,23,9
64,36,24,4
65,36,24,5
66,36,24,6
67,36,24,7
68,36,24,8
69,36,24,9
66,36,25,5
67,36,25,6
68,36,25,7
69,36,25,8
67,36,26,5
68,36,26,6
69,36,26,7
70,36,26,8
65,37,22,6
66,37,22,7
65,37,23,5
66,37,23,6
67,37,23,7
68,37,23,8
66,37,24,5
67,37,24,6
68,37,24,7
69,37,24,8
67,37,25,5
68,37,25,6
69,37,25,7
70,37,25,8
68,37,26,5
69,37,26,6
70,37,26,7
71,37,26,8
66,38,23,5
67,38,23,6
68,38,23,7
69,38,23,8
67,38,24,5
68,38,24,6
69,38,24,7
70,38,24,8
71,38,24,9
68,38,25,5
69,38,25,6
70,38,25,7
71,38,25,8
69,38,26,5
70,38,26,6
71,38,26,7
67,39,23,5
68,39,23,6
69,39,23,7
70,39,23,8
71,39,23,9
67,39,24,4
68,39,24,5
69,39,24,6
70,39,24,7
71,39,24,8
72,39,24,9
68,39,25,4
69,39,25,5
70,39,25,6
71,39,25,7
72,39,25,8
73,39,25,9
70,39,26,5
71,39,26,6
72,39,26,7
73,39,26,8
70,40,22,8
71,40,22,9
68,40,23,5
69,40,23,6
70,40,23,7
71,40,23,8
72,40,23,9
73,40,23,10
68,40,24,4
69,40,24,5
70,40,24,6
71,40,24,7
72,40,24,8
73,40,24,9
74,40,24,10
69,40,25,4
70,40,25,5
71,40,25,6
72,40,25,7
73,40,25,8
74,40,25,9
71,40,26,5
72,40,26,6
73,40,26,7
74,40,26,8
75,40,26,9
71,41,22,8
72,41,22,9
73,41,22,10
70,41,23,6
72,41,23,8
73,41,23,9
74,41,23,10
69,41,24,4
70,41,24,5
71,41,24,6
72,41,24,7
73,41,24,8
74,41,24,9
75,41,24,10
70,41,25,4
71,41,25,5
72,41,25,6
73,41,25,7
74,41,25,8
75,41,25,9
72,41,26,5
73,41,26,6
74,41,26,7
75,41,26,8
72,42,22,8
73,42,22,9
74,42,22,10
73,42,23,8
74,42,23,9
75,42,23,10
70,42,24,4
71,42,24,5
72,42,24,6
73,42,24,7
74,42,24,8
75,42,24,9
76,42,24,10
71,42,25,4
72,42,25,5
73,42,25,6
74,42,25,7
75,42,25,8
76,42,25,9
73,42,26,5
74,42,26,6
75,42,26,7
76,42,26,8
71,43,24,4
72,43,24,5
73,43,24,6
74,43,24,7
75,43,24,8
76,43,24,9
72,43,25,4
73,43,25,5
74,43,25,6
75,43,25,7
76,43,25,8
77,43,25,9
74,43,26,5
75,43,26,6
76,43,26,7
77,43,26,8
72,44,24,4
73,44,24,5
74,44,24,6
75,44,24,7
76,44,24,8
73,44,25,4
74,44,25,5
75,44,25,6
76,44,25,7
77,44,25,8
75,44,26,5
76,44,26,6
77,44,26,7
78,44,26,8
74,45,24,5
75,45,24,6
76,45,24,7
77,45,24,8
78,45,24,9
75,45,25,5
76,45,25,6
77,45,25,7
78,45,25,8
76,45,26,5
77,45,26,6
78,45,26,7
79,45,26,8
