29,33,17
26,30,14
-10.1802,-1.10073,-6.57555
0.7
24,1,15,8
25,1,15,9
26,1,15,10
27,1,15,11
25,1,16,8
26,1,16,9
27,1,16,10
28,1,16,11
24,2,14,8
25,2,14,9
26,2,14,10
25,2,15,8
26,2,15,9
27,2,15,10
28,2,15,11
26,2,16,8
27,2,16,9
28,2,16,10
29,2,16,11
28,2,17,9
29,2,17,10
30,2,17,11
26,3,13,10
25,3,14,8
26,3,14,9
27,3,14,10
28,3,14,11
29,3,14,12
26,3,15,8
27,3,15,9
28,3,15,10
29,3,15,11
30,3,15,12
27,3,16,8
28,3,16,9
29,3,16,10
30,3,16,11
29,3,17,9
27,4,13,10
28,4,13,11
26,4,14,8
27,4,14,9
28,4,14,10
29,4,14,11
30,4,14,12
27,4,15,8
28,4,15,9
29,4,15,10
30,4,15,11
31,4,15,12
28,4,16,8
29,4,16,9
30,4,16,10
31,4,16,11
29,4,17,8
30,4,17,9
31,4,17,10
28,5,14,9
29,5,14,10
30,5,14,11
28,5,15,8
29,5,15,9
30,5,15,10
31,5,15,11
29,5,16,8
30,5,16,9
31,5,16,10
32,5,16,11
31,5,17,9
32,5,17,10
30,5,23,2
30,5,24,1
31,5,24,2
31,5,25,1
32,5,25,2
32,5,26,1
33,5,26,2
33,5,27,1
34,5,27,2
34,5,28,1
35,5,28,2
35,5,29,1
36,5,29,2
37,5,30,2
38,5,30,3
39,5,30,4
39,5,31,3
40,5,31,4
28,6,14,8
29,6,14,9
30,6,14,10
29,6,15,8
30,6,15,9
31,6,15,10
32,6,15,11
30,6,16,8
31,6,16,9
32,6,16,10
33,6,16,11
32,6,17,9
33,6,17,10
30,6,22,2
31,6,22,3
32,6,22,4
30,6,23,1
31,6,23,2
32,6,23,3
31,6,24,1
32,6,24,2
33,6,24,3
32,6,25,1
33,6,25,2
34,6,25,3
33,6,26,1
34,6,26,2
35,6,26,3
34,6,27,1
35,6,27,2
36,6,27,3
36,6,28,2
37,6,28,3
37,6,29,2
38,6,29,3
39,6,29,4
40,6,29,5
41,6,29,6
38,6,30,2
39,6,30,3
40,6,30,4
41,6,30,5
42,6,30,6
40,6,31,3
41,6,31,4
42,6,31,5
29,7,14,8
30,7,14,9
31,7,14,10
32,7,14,11
30,7,15,8
31,7,15,9
32,7,15,10
33,7,15,11
31,7,16,8
32,7,16,9
33,7,16,10
34,7,16,11
32,7,17,8
33,7,17,9
34,7,17,10
31,7,21,3
32,7,21,4
31,7,22,2
32,7,22,3
33,7,22,4
32,7,23,2
33,7,23,3
34,7,23,4
33,7,24,2
34,7,24,3
38,7,24,7
34,7,25,2
35,7,25,3
38,7,25,6
39,7,25,7
35,7,26,2
36,7,26,3
38,7,26,5
39,7,26,6
40,7,26,7
36,7,27,2
37,7,27,3
38,7,27,4
39,7,27,5
40,7,27,6
41,7,27,7
37,7,28,2
38,7,28,3
39,7,28,4
40,7,28,5
41,7,28,6
42,7,28,7
38,7,29,2
39,7,29,3
40,7,29,4
41,7,29,5
42,7,29,6
40,7,30,3
41,7,30,4
42,7,30,5
43,7,30,6
30,8,14,8
31,8,14,9
32,8,14,10
33,8,14,11
31,8,15,8
32,8,15,9
33,8,15,10
34,8,15,11
32,8,16,8
33,8,16,9
34,8,16,10
35,8,16,11
33,8,17,8
34,8,17,9
35,8,17,10
32,8,21,3
33,8,21,4
34,8,21,5
33,8,22,3
34,8,22,4
35,8,22,5
37,8,22,7
38,8,22,8
34,8,23,3
35,8,23,4
37,8,23,6
38,8,23,7
39,8,23,8
40,8,23,9
41,8,23,10
35,8,24,3
36,8,24,4
38,8,24,6
39,8,24,7
40,8,24,8
41,8,24,9
42,8,24,10
36,8,25,3
37,8,25,4
39,8,25,6
40,8,25,7
41,8,25,8
42,8,25,9
43,8,25,10
37,8,26,3
38,8,26,4
39,8,26,5
40,8,26,6
41,8,26,7
38,8,27,3
39,8,27,4
40,8,27,5
41,8,27,6
42,8,27,7
39,8,28,3
40,8,28,4
41,8,28,5
42,8,28,6
43,8,28,7
41,8,29,4
42,8,29,5
43,8,29,6
42,8,30,4
43,8,30,5
44,8,30,6
21,9,2,10
22,9,2,11
23,9,3,11
31,9,14,8
32,9,14,9
33,9,14,10
32,9,15,8
33,9,15,9
34,9,15,10
35,9,15,11
33,9,16,8
34,9,16,9
35,9,16,10
36,9,16,11
35,9,17,9
36,9,17,10
35,9,18,8
36,9,18,9
37,9,18,10
38,9,18,11
35,9,19,7
36,9,19,8
37,9,19,9
38,9,19,10
39,9,19,11
40,9,19,12
33,9,20,4
34,9,20,5
36,9,20,7
37,9,20,8
38,9,20,9
39,9,20,10
40,9,20,11
41,9,20,12
34,9,21,4
35,9,21,5
36,9,21,6
37,9,21,7
38,9,21,8
39,9,21,9
40,9,21,10
41,9,21,11
42,9,21,12
34,9,22,3
35,9,22,4
36,9,22,5
37,9,22,6
38,9,22,7
39,9,22,8
40,9,22,9
41,9,22,10
42,9,22,11
35,9,23,3
36,9,23,4
37,9,23,5
38,9,23,6
39,9,23,7
40,9,23,8
41,9,23,9
42,9,23,10
43,9,23,11
36,9,24,3
37,9,24,4
38,9,24,5
39,9,24,6
40,9,24,7
41,9,24,8
42,9,24,9
43,9,24,10
44,9,24,11
45,9,24,12
37,9,25,3
38,9,25,4
39,9,25,5
40,9,25,6
41,9,25,7
42,9,25,8
43,9,25,9
44,9,25,10
45,9,25,11
38,9,26,3
39,9,26,4
40,9,26,5
41,9,26,6
42,9,26,7
43,9,26,8
44,9,26,9
45,9,26,10
46,9,26,11
39,9,27,3
40,9,27,4
41,9,27,5
42,9,27,6
43,9,27,7
44,9,27,8
41,9,28,4
42,9,28,5
43,9,28,6
44,9,28,7
43,9,29,5
44,9,29,6
21,10,1,10
22,10,1,11
23,10,1,12
20,10,2,8
21,10,2,9
22,10,2,10
23,10,2,11
24,10,2,12
22,10,3,9
23,10,3,10
24,10,3,11
25,10,3,12
22,10,4,8
23,10,4,9
24,10,4,10
25,10,4,11
24,10,5,9
25,10,5,10
26,10,5,11
24,10,6,8
25,10,6,9
26,10,6,10
27,10,6,11
25,10,7,8
26,10,7,9
27,10,7,10
28,10,7,11
25,10,8,7
26,10,8,8
27,10,8,9
28,10,8,10
29,10,8,11
26,10,9,7
27,10,9,8
28,10,9,9
29,10,9,10
30,10,9,11
31,10,9,12
27,10,10,7
28,10,10,8
29,10,10,9
30,10,10,10
31,10,10,11
28,10,11,7
29,10,11,8
30,10,11,9
31,10,11,10
32,10,11,11
33,10,11,12
29,10,12,7
30,10,12,8
31,10,12,9
32,10,12,10
33,10,12,11
34,10,12,12
33,10,13,10
34,10,13,11
32,10,14,8
33,10,14,9
34,10,14,10
33,10,15,8
34,10,15,9
35,10,15,10
36,10,15,11
34,10,16,8
35,10,16,9
36,10,16,10
37,10,16,11
36,10,17,9
37,10,17,10
35,10,18,7
36,10,18,8
37,10,18,9
38,10,18,10
39,10,18,11
40,10,18,12
35,10,19,6
36,10,19,7
37,10,19,8
38,10,19,9
39,10,19,10
40,10,19,11
41,10,19,12
42,10,19,13
34,10,20,4
35,10,20,5
36,10,20,6
37,10,20,7
38,10,20,8
39,10,20,9
40,10,20,10
41,10,20,11
42,10,20,12
43,10,20,13
35,10,21,4
36,10,21,5
37,10,21,6
38,10,21,7
39,10,21,8
40,10,21,9
41,10,21,10
42,10,21,11
43,10,21,12
36,10,22,4
37,10,22,5
38,10,22,6
39,10,22,7
40,10,22,8
41,10,22,9
42,10,22,10
43,10,22,11
44,10,22,12
37,10,23,4
38,10,23,5
39,10,23,6
40,10,23,7
41,10,23,8
42,10,23,9
43,10,23,10
44,10,23,11
45,10,23,12
38,10,24,4
39,10,24,5
40,10,24,6
41,10,24,7
42,10,24,8
43,10,24,9
44,10,24,10
45,10,24,11
46,10,24,12
39,10,25,4
40,10,25,5
41,10,25,6
42,10,25,7
43,10,25,8
44,10,25,9
45,10,25,10
46,10,25,11
47,10,25,12
40,10,26,4
41,10,26,5
42,10,26,6
43,10,26,7
44,10,26,8
45,10,26,9
46,10,26,10
47,10,26,11
48,10,26,12
41,10,27,4
42,10,27,5
43,10,27,6
44,10,27,7
45,10,27,8
46,10,27,9
47,10,27,10
48,10,27,11
43,10,28,5
44,10,28,6
45,10,28,7
20,11,1,8
21,11,1,9
22,11,1,10
23,11,1,11
24,11,1,12
20,11,2,7
21,11,2,8
22,11,2,9
23,11,2,10
24,11,2,11
25,11,2,12
26,11,2,13
22,11,3,8
23,11,3,9
24,11,3,10
25,11,3,11
26,11,3,12
23,11,4,8
24,11,4,9
25,11,4,10
26,11,4,11
27,11,4,12
24,11,5,8
25,11,5,9
26,11,5,10
27,11,5,11
25,11,6,8
26,11,6,9
27,11,6,10
28,11,6,11
25,11,7,7
26,11,7,8
27,11,7,9
28,11,7,10
29,11,7,11
25,11,8,6
26,11,8,7
27,11,8,8
28,11,8,9
29,11,8,10
30,11,8,11
31,11,8,12
26,11,9,6
27,11,9,7
28,11,9,8
29,11,9,9
30,11,9,10
31,11,9,11
32,11,9,12
33,11,9,13
27,11,10,6
28,11,10,7
29,11,10,8
30,11,10,9
31,11,10,10
32,11,10,11
33,11,10,12
34,11,10,13
28,11,11,6
29,11,11,7
30,11,11,8
31,11,11,9
32,11,11,10
33,11,11,11
34,11,11,12
35,11,11,13
29,11,12,6
30,11,12,7
31,11,12,8
32,11,12,9
33,11,12,10
34,11,12,11
35,11,12,12
36,11,12,13
32,11,13,8
33,11,13,9
34,11,13,10
35,11,13,11
36,11,13,12
37,11,13,13
32,11,14,7
33,11,14,8
34,11,14,9
35,11,14,10
36,11,14,11
37,11,14,12
34,11,15,8
35,11,15,9
36,11,15,10
37,11,15,11
38,11,15,12
35,11,16,8
36,11,16,9
37,11,16,10
38,11,16,11
37,11,17,9
38,11,17,10
35,11,18,6
36,11,18,7
37,11,18,8
38,11,18,9
39,11,18,10
40,11,18,11
41,11,18,12
42,11,18,13
35,11,19,5
36,11,19,6
37,11,19,7
38,11,19,8
39,11,19,9
40,11,19,10
41,11,19,11
42,11,19,12
43,11,19,13
35,11,20,4
36,11,20,5
37,11,20,6
38,11,20,7
39,11,20,8
40,11,20,9
41,11,20,10
42,11,20,11
43,11,20,12
44,11,20,13
36,11,21,4
37,11,21,5
38,11,21,6
39,11,21,7
40,11,21,8
41,11,21,9
42,11,21,10
43,11,21,11
44,11,21,12
45,11,21,13
37,11,22,4
38,11,22,5
39,11,22,6
40,11,22,7
41,11,22,8
42,11,22,9
43,11,22,10
44,11,22,11
45,11,22,12
46,11,22,13
38,11,23,4
39,11,23,5
40,11,23,6
41,11,23,7
42,11,23,8
43,11,23,9
44,11,23,10
45,11,23,11
46,11,23,12
47,11,23,13
39,11,24,4
40,11,24,5
41,11,24,6
42,11,24,7
43,11,24,8
44,11,24,9
45,11,24,10
46,11,24,11
47,11,24,12
48,11,24,13
40,11,25,4
41,11,25,5
42,11,25,6
43,11,25,7
44,11,25,8
45,11,25,9
46,11,25,10
47,11,25,11
48,11,25,12
49,11,25,13
41,11,26,4
42,11,26,5
43,11,26,6
44,11,26,7
45,11,26,8
46,11,26,9
47,11,26,10
48,11,26,11
49,11,26,12
50,11,26,13
43,11,27,5
44,11,27,6
45,11,27,7
46,11,27,8
47,11,27,9
48,11,27,10
49,11,27,11
50,11,27,12
45,11,28,6
46,11,28,7
47,11,28,8
48,11,28,9
49,11,28,10
20,12,1,7
21,12,1,8
22,12,1,9
23,12,1,10
24,12,1,11
25,12,1,12
21,12,2,7
22,12,2,8
23,12,2,9
24,12,2,10
25,12,2,11
26,12,2,12
27,12,2,13
22,12,3,7
23,12,3,8
24,12,3,9
25,12,3,10
26,12,3,11
27,12,3,12
24,12,4,8
25,12,4,9
26,12,4,10
27,12,4,11
28,12,4,12
25,12,5,8
26,12,5,9
27,12,5,10
28,12,5,11
29,12,5,12
26,12,6,8
27,12,6,9
28,12,6,10
29,12,6,11
30,12,6,12
25,12,7,6
26,12,7,7
27,12,7,8
28,12,7,9
29,12,7,10
30,12,7,11
31,12,7,12
24,12,8,4
25,12,8,5
26,12,8,6
27,12,8,7
28,12,8,8
29,12,8,9
30,12,8,10
31,12,8,11
32,12,8,12
33,12,8,13
24,12,9,3
25,12,9,4
26,12,9,5
27,12,9,6
28,12,9,7
29,12,9,8
30,12,9,9
31,12,9,10
32,12,9,11
33,12,9,12
34,12,9,13
25,12,10,3
26,12,10,4
27,12,10,5
28,12,10,6
29,12,10,7
30,12,10,8
31,12,10,9
32,12,10,10
33,12,10,11
34,12,10,12
35,12,10,13
36,12,10,14
28,12,11,5
29,12,11,6
30,12,11,7
31,12,11,8
32,12,11,9
33,12,11,10
34,12,11,11
35,12,11,12
36,12,11,13
30,12,12,6
31,12,12,7
32,12,12,8
33,12,12,9
34,12,12,10
35,12,12,11
36,12,12,12
37,12,12,13
38,12,12,14
32,12,13,7
33,12,13,8
34,12,13,9
35,12,13,10
36,12,13,11
37,12,13,12
38,12,13,13
33,12,14,7
34,12,14,8
35,12,14,9
36,12,14,10
37,12,14,11
38,12,14,12
39,12,14,13
34,12,15,7
35,12,15,8
36,12,15,9
37,12,15,10
38,12,15,11
39,12,15,12
35,12,16,7
36,12,16,8
37,12,16,9
38,12,16,10
39,12,16,11
40,12,16,12
37,12,17,8
38,12,17,9
39,12,17,10
40,12,17,11
41,12,17,12
36,12,18,6
37,12,18,7
38,12,18,8
39,12,18,9
40,12,18,10
41,12,18,11
42,12,18,12
43,12,18,13
44,12,18,14
36,12,19,5
37,12,19,6
38,12,19,7
39,12,19,8
40,12,19,9
41,12,19,10
42,12,19,11
43,12,19,12
44,12,19,13
45,12,19,14
46,12,19,15
36,12,20,4
37,12,20,5
38,12,20,6
39,12,20,7
40,12,20,8
41,12,20,9
42,12,20,10
43,12,20,11
44,12,20,12
45,12,20,13
46,12,20,14
47,12,20,15
37,12,21,4
38,12,21,5
39,12,21,6
40,12,21,7
41,12,21,8
42,12,21,9
43,12,21,10
44,12,21,11
45,12,21,12
46,12,21,13
47,12,21,14
37,12,22,3
38,12,22,4
39,12,22,5
40,12,22,6
41,12,22,7
42,12,22,8
43,12,22,9
44,12,22,10
45,12,22,11
46,12,22,12
47,12,22,13
38,12,23,3
39,12,23,4
40,12,23,5
41,12,23,6
42,12,23,7
43,12,23,8
44,12,23,9
45,12,23,10
46,12,23,11
47,12,23,12
48,12,23,13
39,12,24,3
40,12,24,4
41,12,24,5
42,12,24,6
43,12,24,7
44,12,24,8
45,12,24,9
46,12,24,10
47,12,24,11
48,12,24,12
49,12,24,13
50,12,24,14
41,12,25,4
42,12,25,5
43,12,25,6
44,12,25,7
45,12,25,8
46,12,25,9
47,12,25,10
48,12,25,11
49,12,25,12
50,12,25,13
51,12,25,14
42,12,26,4
43,12,26,5
44,12,26,6
45,12,26,7
46,12,26,8
47,12,26,9
48,12,26,10
49,12,26,11
50,12,26,12
51,12,26,13
44,12,27,5
45,12,27,6
46,12,27,7
47,12,27,8
48,12,27,9
49,12,27,10
50,12,27,11
51,12,27,12
52,12,27,13
46,12,28,6
47,12,28,7
48,12,28,8
49,12,28,9
50,12,28,10
51,12,28,11
22,13,1,8
23,13,1,9
24,13,1,10
25,13,1,11
26,13,1,12
22,13,2,7
23,13,2,8
24,13,2,9
25,13,2,10
26,13,2,11
27,13,2,12
24,13,3,8
25,13,3,9
26,13,3,10
27,13,3,11
28,13,3,12
25,13,4,8
26,13,4,9
27,13,4,10
28,13,4,11
26,13,5,8
27,13,5,9
28,13,5,10
29,13,5,11
25,13,6,6
26,13,6,7
27,13,6,8
28,13,6,9
29,13,6,10
30,13,6,11
31,13,6,12
25,13,7,5
26,13,7,6
27,13,7,7
28,13,7,8
29,13,7,9
30,13,7,10
31,13,7,11
32,13,7,12
24,13,8,3
25,13,8,4
26,13,8,5
27,13,8,6
28,13,8,7
29,13,8,8
30,13,8,9
31,13,8,10
32,13,8,11
33,13,8,12
34,13,8,13
25,13,9,3
26,13,9,4
27,13,9,5
28,13,9,6
29,13,9,7
30,13,9,8
31,13,9,9
32,13,9,10
33,13,9,11
34,13,9,12
35,13,9,13
26,13,10,3
27,13,10,4
28,13,10,5
29,13,10,6
30,13,10,7
31,13,10,8
32,13,10,9
33,13,10,10
34,13,10,11
35,13,10,12
36,13,10,13
37,13,10,14
27,13,11,3
28,13,11,4
29,13,11,5
30,13,11,6
31,13,11,7
32,13,11,8
33,13,11,9
34,13,11,10
35,13,11,11
36,13,11,12
37,13,11,13
38,13,11,14
30,13,12,5
31,13,12,6
32,13,12,7
33,13,12,8
34,13,12,9
35,13,12,10
36,13,12,11
37,13,12,12
38,13,12,13
39,13,12,14
32,13,13,6
33,13,13,7
34,13,13,8
35,13,13,9
36,13,13,10
37,13,13,11
38,13,13,12
39,13,13,13
40,13,13,14
34,13,14,7
35,13,14,8
36,13,14,9
37,13,14,10
38,13,14,11
39,13,14,12
40,13,14,13
41,13,14,14
35,13,15,7
36,13,15,8
37,13,15,9
38,13,15,10
39,13,15,11
40,13,15,12
41,13,15,13
36,13,16,7
37,13,16,8
38,13,16,9
39,13,16,10
40,13,16,11
41,13,16,12
38,13,17,8
39,13,17,9
40,13,17,10
41,13,17,11
42,13,17,12
43,13,17,13
37,13,18,6
38,13,18,7
39,13,18,8
40,13,18,9
41,13,18,10
42,13,18,11
43,13,18,12
44,13,18,13
45,13,18,14
36,13,19,4
37,13,19,5
38,13,19,6
39,13,19,7
40,13,19,8
41,13,19,9
42,13,19,10
43,13,19,11
44,13,19,12
45,13,19,13
46,13,19,14
47,13,19,15
37,13,20,4
38,13,20,5
39,13,20,6
40,13,20,7
41,13,20,8
42,13,20,9
43,13,20,10
44,13,20,11
45,13,20,12
46,13,20,13
47,13,20,14
48,13,20,15
37,13,21,3
38,13,21,4
39,13,21,5
40,13,21,6
41,13,21,7
42,13,21,8
43,13,21,9
44,13,21,10
45,13,21,11
46,13,21,12
47,13,21,13
48,13,21,14
49,13,21,15
38,13,22,3
39,13,22,4
40,13,22,5
41,13,22,6
42,13,22,7
43,13,22,8
44,13,22,9
45,13,22,10
46,13,22,11
47,13,22,12
48,13,22,13
49,13,22,14
39,13,23,3
40,13,23,4
41,13,23,5
42,13,23,6
43,13,23,7
44,13,23,8
45,13,23,9
46,13,23,10
47,13,23,11
48,13,23,12
49,13,23,13
50,13,23,14
40,13,24,3
41,13,24,4
42,13,24,5
43,13,24,6
44,13,24,7
45,13,24,8
46,13,24,9
47,13,24,10
48,13,24,11
49,13,24,12
50,13,24,13
51,13,24,14
42,13,25,4
43,13,25,5
44,13,25,6
45,13,25,7
46,13,25,8
47,13,25,9
48,13,25,10
49,13,25,11
50,13,25,12
51,13,25,13
52,13,25,14
43,13,26,4
44,13,26,5
45,13,26,6
46,13,26,7
47,13,26,8
48,13,26,9
49,13,26,10
50,13,26,11
51,13,26,12
52,13,26,13
53,13,26,14
45,13,27,5
46,13,27,6
47,13,27,7
48,13,27,8
49,13,27,9
50,13,27,10
51,13,27,11
52,13,27,12
53,13,27,13
47,13,28,6
48,13,28,7
49,13,28,8
50,13,28,9
51,13,28,10
52,13,28,11
25,14,1,10
26,14,1,11
27,14,1,12
26,14,2,10
27,14,2,11
28,14,2,12
27,14,3,10
28,14,3,11
29,14,3,12
27,14,6,7
28,14,6,8
29,14,6,9
30,14,6,10
31,14,6,11
25,14,7,4
26,14,7,5
27,14,7,6
28,14,7,7
29,14,7,8
30,14,7,9
31,14,7,10
32,14,7,11
33,14,7,12
25,14,8,3
26,14,8,4
27,14,8,5
28,14,8,6
29,14,8,7
30,14,8,8
31,14,8,9
32,14,8,10
33,14,8,11
34,14,8,12
35,14,8,13
26,14,9,3
27,14,9,4
28,14,9,5
29,14,9,6
30,14,9,7
31,14,9,8
32,14,9,9
33,14,9,10
34,14,9,11
35,14,9,12
36,14,9,13
26,14,10,2
27,14,10,3
28,14,10,4
29,14,10,5
30,14,10,6
31,14,10,7
32,14,10,8
33,14,10,9
34,14,10,10
35,14,10,11
36,14,10,12
37,14,10,13
38,14,10,14
28,14,11,3
29,14,11,4
30,14,11,5
31,14,11,6
32,14,11,7
33,14,11,8
34,14,11,9
35,14,11,10
36,14,11,11
37,14,11,12
38,14,11,13
39,14,11,14
31,14,12,5
32,14,12,6
33,14,12,7
34,14,12,8
35,14,12,9
36,14,12,10
37,14,12,11
38,14,12,12
39,14,12,13
40,14,12,14
33,14,13,6
34,14,13,7
35,14,13,8
36,14,13,9
37,14,13,10
38,14,13,11
39,14,13,12
40,14,13,13
41,14,13,14
35,14,14,7
36,14,14,8
37,14,14,9
38,14,14,10
39,14,14,11
40,14,14,12
41,14,14,13
42,14,14,14
36,14,15,7
37,14,15,8
38,14,15,9
39,14,15,10
40,14,15,11
41,14,15,12
42,14,15,13
37,14,16,7
38,14,16,8
39,14,16,9
40,14,16,10
41,14,16,11
42,14,16,12
39,14,17,8
40,14,17,9
41,14,17,10
42,14,17,11
43,14,17,12
44,14,17,13
38,14,18,6
39,14,18,7
40,14,18,8
41,14,18,9
42,14,18,10
43,14,18,11
44,14,18,12
45,14,18,13
46,14,18,14
47,14,18,15
37,14,19,4
38,14,19,5
39,14,19,6
40,14,19,7
41,14,19,8
42,14,19,9
43,14,19,10
44,14,19,11
45,14,19,12
46,14,19,13
47,14,19,14
48,14,19,15
38,14,20,4
39,14,20,5
40,14,20,6
41,14,20,7
42,14,20,8
43,14,20,9
44,14,20,10
45,14,20,11
46,14,20,12
47,14,20,13
48,14,20,14
49,14,20,15
38,14,21,3
39,14,21,4
40,14,21,5
41,14,21,6
42,14,21,7
43,14,21,8
44,14,21,9
45,14,21,10
46,14,21,11
47,14,21,12
48,14,21,13
49,14,21,14
50,14,21,15
39,14,22,3
40,14,22,4
41,14,22,5
42,14,22,6
43,14,22,7
44,14,22,8
45,14,22,9
46,14,22,10
47,14,22,11
48,14,22,12
49,14,22,13
50,14,22,14
40,14,23,3
41,14,23,4
42,14,23,5
43,14,23,6
44,14,23,7
45,14,23,8
46,14,23,9
47,14,23,10
48,14,23,11
49,14,23,12
50,14,23,13
51,14,23,14
41,14,24,3
42,14,24,4
43,14,24,5
44,14,24,6
45,14,24,7
46,14,24,8
47,14,24,9
48,14,24,10
49,14,24,11
50,14,24,12
51,14,24,13
52,14,24,14
43,14,25,4
44,14,25,5
45,14,25,6
46,14,25,7
47,14,25,8
48,14,25,9
49,14,25,10
50,14,25,11
51,14,25,12
52,14,25,13
53,14,25,14
44,14,26,4
45,14,26,5
46,14,26,6
47,14,26,7
48,14,26,8
49,14,26,9
50,14,26,10
51,14,26,11
52,14,26,12
53,14,26,13
54,14,26,14
46,14,27,5
47,14,27,6
48,14,27,7
49,14,27,8
50,14,27,9
51,14,27,10
52,14,27,11
53,14,27,12
54,14,27,13
48,14,28,6
49,14,28,7
50,14,28,8
51,14,28,9
52,14,28,10
53,14,28,11
54,14,28,12
24,15,1,8
25,15,1,9
26,15,1,10
27,15,1,11
28,15,1,12
24,15,2,7
25,15,2,8
26,15,2,9
27,15,2,10
28,15,2,11
29,15,2,12
26,15,3,8
27,15,3,9
28,15,3,10
29,15,3,11
30,15,3,12
27,15,4,8
28,15,4,9
29,15,4,10
30,15,4,11
28,15,5,8
29,15,5,9
30,15,5,10
31,15,5,11
28,15,6,7
29,15,6,8
30,15,6,9
31,15,6,10
32,15,6,11
33,15,6,12
26,15,7,4
27,15,7,5
28,15,7,6
29,15,7,7
30,15,7,8
31,15,7,9
32,15,7,10
33,15,7,11
34,15,7,12
26,15,8,3
27,15,8,4
28,15,8,5
29,15,8,6
30,15,8,7
31,15,8,8
32,15,8,9
33,15,8,10
34,15,8,11
35,15,8,12
36,15,8,13
27,15,9,3
28,15,9,4
29,15,9,5
30,15,9,6
31,15,9,7
32,15,9,8
33,15,9,9
34,15,9,10
35,15,9,11
36,15,9,12
37,15,9,13
27,15,10,2
28,15,10,3
29,15,10,4
30,15,10,5
31,15,10,6
32,15,10,7
33,15,10,8
34,15,10,9
35,15,10,10
36,15,10,11
37,15,10,12
38,15,10,13
39,15,10,14
29,15,11,3
30,15,11,4
31,15,11,5
32,15,11,6
33,15,11,7
34,15,11,8
35,15,11,9
36,15,11,10
37,15,11,11
38,15,11,12
39,15,11,13
40,15,11,14
32,15,12,5
33,15,12,6
34,15,12,7
35,15,12,8
36,15,12,9
37,15,12,10
38,15,12,11
39,15,12,12
40,15,12,13
41,15,12,14
34,15,13,6
35,15,13,7
36,15,13,8
37,15,13,9
38,15,13,10
39,15,13,11
40,15,13,12
41,15,13,13
42,15,13,14
36,15,14,7
37,15,14,8
38,15,14,9
39,15,14,10
40,15,14,11
41,15,14,12
42,15,14,13
43,15,14,14
37,15,15,7
38,15,15,8
39,15,15,9
40,15,15,10
41,15,15,11
42,15,15,12
43,15,15,13
38,15,16,7
39,15,16,8
40,15,16,9
41,15,16,10
42,15,16,11
43,15,16,12
40,15,17,8
41,15,17,9
42,15,17,10
43,15,17,11
44,15,17,12
45,15,17,13
39,15,18,6
40,15,18,7
41,15,18,8
42,15,18,9
43,15,18,10
44,15,18,11
45,15,18,12
46,15,18,13
47,15,18,14
48,15,18,15
38,15,19,4
39,15,19,5
40,15,19,6
41,15,19,7
42,15,19,8
43,15,19,9
44,15,19,10
45,15,19,11
46,15,19,12
47,15,19,13
48,15,19,14
49,15,19,15
39,15,20,4
40,15,20,5
41,15,20,6
42,15,20,7
43,15,20,8
44,15,20,9
45,15,20,10
46,15,20,11
47,15,20,12
48,15,20,13
49,15,20,14
50,15,20,15
39,15,21,3
40,15,21,4
41,15,21,5
42,15,21,6
43,15,21,7
44,15,21,8
45,15,21,9
46,15,21,10
47,15,21,11
48,15,21,12
49,15,21,13
50,15,21,14
51,15,21,15
40,15,22,3
41,15,22,4
42,15,22,5
43,15,22,6
44,15,22,7
45,15,22,8
46,15,22,9
47,15,22,10
48,15,22,11
49,15,22,12
50,15,22,13
51,15,22,14
41,15,23,3
42,15,23,4
43,15,23,5
44,15,23,6
45,15,23,7
46,15,23,8
47,15,23,9
48,15,23,10
49,15,23,11
50,15,23,12
51,15,23,13
52,15,23,14
42,15,24,3
43,15,24,4
44,15,24,5
45,15,24,6
46,15,24,7
47,15,24,8
48,15,24,9
49,15,24,10
50,15,24,11
51,15,24,12
52,15,24,13
53,15,24,14
44,15,25,4
45,15,25,5
46,15,25,6
47,15,25,7
48,15,25,8
49,15,25,9
50,15,25,10
51,15,25,11
52,15,25,12
53,15,25,13
54,15,25,14
45,15,26,4
46,15,26,5
47,15,26,6
48,15,26,7
49,15,26,8
50,15,26,9
51,15,26,10
52,15,26,11
53,15,26,12
54,15,26,13
55,15,26,14
47,15,27,5
48,15,27,6
49,15,27,7
50,15,27,8
51,15,27,9
52,15,27,10
53,15,27,11
54,15,27,12
55,15,27,13
49,15,28,6
50,15,28,7
51,15,28,8
52,15,28,9
53,15,28,10
54,15,28,11
55,15,28,12
24,16,1,7
25,16,1,8
26,16,1,9
27,16,1,10
28,16,1,11
29,16,1,12
25,16,2,7
26,16,2,8
27,16,2,9
28,16,2,10
29,16,2,11
30,16,2,12
31,16,2,13
26,16,3,7
27,16,3,8
28,16,3,9
29,16,3,10
30,16,3,11
31,16,3,12
28,16,4,8
29,16,4,9
30,16,4,10
31,16,4,11
32,16,4,12
29,16,5,8
30,16,5,9
31,16,5,10
32,16,5,11
33,16,5,12
30,16,6,8
31,16,6,9
32,16,6,10
33,16,6,11
34,16,6,12
29,16,7,6
30,16,7,7
31,16,7,8
32,16,7,9
33,16,7,10
34,16,7,11
35,16,7,12
28,16,8,4
29,16,8,5
30,16,8,6
31,16,8,7
32,16,8,8
33,16,8,9
34,16,8,10
35,16,8,11
36,16,8,12
37,16,8,13
28,16,9,3
29,16,9,4
30,16,9,5
31,16,9,6
32,16,9,7
33,16,9,8
34,16,9,9
35,16,9,10
36,16,9,11
37,16,9,12
38,16,9,13
29,16,10,3
30,16,10,4
31,16,10,5
32,16,10,6
33,16,10,7
34,16,10,8
35,16,10,9
36,16,10,10
37,16,10,11
38,16,10,12
39,16,10,13
40,16,10,14
31,16,11,4
32,16,11,5
33,16,11,6
34,16,11,7
35,16,11,8
36,16,11,9
37,16,11,10
38,16,11,11
39,16,11,12
40,16,11,13
34,16,12,6
35,16,12,7
36,16,12,8
37,16,12,9
38,16,12,10
39,16,12,11
40,16,12,12
41,16,12,13
42,16,12,14
36,16,13,7
37,16,13,8
38,16,13,9
39,16,13,10
40,16,13,11
41,16,13,12
42,16,13,13
37,16,14,7
38,16,14,8
39,16,14,9
40,16,14,10
41,16,14,11
42,16,14,12
43,16,14,13
38,16,15,7
39,16,15,8
40,16,15,9
41,16,15,10
42,16,15,11
43,16,15,12
39,16,16,7
40,16,16,8
41,16,16,9
42,16,16,10
43,16,16,11
41,16,17,8
42,16,17,9
43,16,17,10
44,16,17,11
45,16,17,12
40,16,18,6
41,16,18,7
42,16,18,8
43,16,18,9
44,16,18,10
45,16,18,11
46,16,18,12
47,16,18,13
48,16,18,14
40,16,19,5
41,16,19,6
42,16,19,7
43,16,19,8
44,16,19,9
45,16,19,10
46,16,19,11
47,16,19,12
48,16,19,13
49,16,19,14
50,16,19,15
40,16,20,4
41,16,20,5
42,16,20,6
43,16,20,7
44,16,20,8
45,16,20,9
46,16,20,10
47,16,20,11
48,16,20,12
49,16,20,13
50,16,20,14
51,16,20,15
41,16,21,4
42,16,21,5
43,16,21,6
44,16,21,7
45,16,21,8
46,16,21,9
47,16,21,10
48,16,21,11
49,16,21,12
50,16,21,13
51,16,21,14
41,16,22,3
42,16,22,4
43,16,22,5
44,16,22,6
45,16,22,7
46,16,22,8
47,16,22,9
48,16,22,10
49,16,22,11
50,16,22,12
51,16,22,13
52,16,22,14
42,16,23,3
43,16,23,4
44,16,23,5
45,16,23,6
46,16,23,7
47,16,23,8
48,16,23,9
49,16,23,10
50,16,23,11
51,16,23,12
52,16,23,13
43,16,24,3
44,16,24,4
45,16,24,5
46,16,24,6
47,16,24,7
48,16,24,8
49,16,24,9
50,16,24,10
51,16,24,11
52,16,24,12
53,16,24,13
54,16,24,14
45,16,25,4
46,16,25,5
47,16,25,6
48,16,25,7
49,16,25,8
50,16,25,9
51,16,25,10
52,16,25,11
53,16,25,12
54,16,25,13
55,16,25,14
46,16,26,4
47,16,26,5
48,16,26,6
49,16,26,7
50,16,26,8
51,16,26,9
52,16,26,10
53,16,26,11
54,16,26,12
55,16,26,13
48,16,27,5
49,16,27,6
50,16,27,7
51,16,27,8
52,16,27,9
53,16,27,10
54,16,27,11
55,16,27,12
56,16,27,13
50,16,28,6
51,16,28,7
52,16,28,8
53,16,28,9
54,16,28,10
55,16,28,11
26,17,1,8
27,17,1,9
28,17,1,10
29,17,1,11
30,17,1,12
26,17,2,7
27,17,2,8
28,17,2,9
29,17,2,10
30,17,2,11
31,17,2,12
32,17,2,13
28,17,3,8
29,17,3,9
30,17,3,10
31,17,3,11
32,17,3,12
29,17,4,8
30,17,4,9
31,17,4,10
32,17,4,11
33,17,4,12
30,17,5,8
31,17,5,9
32,17,5,10
33,17,5,11
31,17,6,8
32,17,6,9
33,17,6,10
34,17,6,11
35,17,6,12
31,17,7,7
32,17,7,8
33,17,7,9
34,17,7,10
35,17,7,11
31,17,8,6
32,17,8,7
33,17,8,8
34,17,8,9
35,17,8,10
36,17,8,11
37,17,8,12
30,17,9,4
32,17,9,6
33,17,9,7
34,17,9,8
35,17,9,9
36,17,9,10
37,17,9,11
38,17,9,12
39,17,9,13
33,17,10,6
34,17,10,7
35,17,10,8
36,17,10,9
37,17,10,10
38,17,10,11
39,17,10,12
40,17,10,13
34,17,11,6
35,17,11,7
36,17,11,8
37,17,11,9
38,17,11,10
39,17,11,11
40,17,11,12
41,17,11,13
35,17,12,6
36,17,12,7
37,17,12,8
38,17,12,9
39,17,12,10
40,17,12,11
41,17,12,12
42,17,12,13
38,17,13,8
39,17,13,9
40,17,13,10
41,17,13,11
42,17,13,12
43,17,13,13
38,17,14,7
39,17,14,8
40,17,14,9
41,17,14,10
42,17,14,11
43,17,14,12
40,17,15,8
41,17,15,9
42,17,15,10
43,17,15,11
41,17,16,8
42,17,16,9
43,17,16,10
44,17,16,11
43,17,17,9
44,17,17,10
41,17,18,6
42,17,18,7
43,17,18,8
44,17,18,9
45,17,18,10
46,17,18,11
47,17,18,12
48,17,18,13
41,17,19,5
42,17,19,6
43,17,19,7
44,17,19,8
45,17,19,9
46,17,19,10
47,17,19,11
48,17,19,12
49,17,19,13
41,17,20,4
42,17,20,5
43,17,20,6
44,17,20,7
45,17,20,8
46,17,20,9
47,17,20,10
48,17,20,11
49,17,20,12
50,17,20,13
42,17,21,4
43,17,21,5
44,17,21,6
45,17,21,7
46,17,21,8
47,17,21,9
48,17,21,10
49,17,21,11
50,17,21,12
51,17,21,13
43,17,22,4
44,17,22,5
45,17,22,6
46,17,22,7
47,17,22,8
48,17,22,9
49,17,22,10
50,17,22,11
51,17,22,12
52,17,22,13
44,17,23,4
45,17,23,5
46,17,23,6
47,17,23,7
48,17,23,8
49,17,23,9
50,17,23,10
51,17,23,11
52,17,23,12
53,17,23,13
45,17,24,4
46,17,24,5
47,17,24,6
48,17,24,7
49,17,24,8
50,17,24,9
51,17,24,10
52,17,24,11
53,17,24,12
54,17,24,13
46,17,25,4
47,17,25,5
48,17,25,6
49,17,25,7
50,17,25,8
51,17,25,9
52,17,25,10
53,17,25,11
54,17,25,12
55,17,25,13
47,17,26,4
48,17,26,5
49,17,26,6
50,17,26,7
51,17,26,8
52,17,26,9
53,17,26,10
54,17,26,11
55,17,26,12
56,17,26,13
49,17,27,5
50,17,27,6
51,17,27,7
52,17,27,8
53,17,27,9
54,17,27,10
55,17,27,11
56,17,27,12
51,17,28,6
52,17,28,7
53,17,28,8
54,17,28,9
55,17,28,10
29,18,1,10
30,18,1,11
31,18,1,12
28,18,2,8
29,18,2,9
30,18,2,10
31,18,2,11
32,18,2,12
30,18,3,9
31,18,3,10
32,18,3,11
33,18,3,12
30,18,4,8
31,18,4,9
32,18,4,10
33,18,4,11
32,18,5,9
33,18,5,10
34,18,5,11
32,18,6,8
33,18,6,9
34,18,6,10
35,18,6,11
33,18,7,8
34,18,7,9
35,18,7,10
36,18,7,11
33,18,8,7
34,18,8,8
35,18,8,9
36,18,8,10
37,18,8,11
34,18,9,7
35,18,9,8
36,18,9,9
37,18,9,10
38,18,9,11
39,18,9,12
35,18,10,7
36,18,10,8
37,18,10,9
38,18,10,10
39,18,10,11
40,18,10,12
36,18,11,7
37,18,11,8
38,18,11,9
39,18,11,10
40,18,11,11
41,18,11,12
37,18,12,7
38,18,12,8
39,18,12,9
40,18,12,10
41,18,12,11
42,18,12,12
43,18,12,13
40,18,13,9
41,18,13,10
42,18,13,11
43,18,13,12
40,18,14,8
41,18,14,9
42,18,14,10
41,18,15,8
42,18,15,9
43,18,15,10
44,18,15,11
42,18,16,8
43,18,16,9
44,18,16,10
45,18,16,11
44,18,17,9
45,18,17,10
43,18,18,7
44,18,18,8
45,18,18,9
46,18,18,10
47,18,18,11
48,18,18,12
43,18,19,6
44,18,19,7
45,18,19,8
46,18,19,9
47,18,19,10
48,18,19,11
49,18,19,12
50,18,19,13
42,18,20,4
43,18,20,5
44,18,20,6
45,18,20,7
46,18,20,8
47,18,20,9
48,18,20,10
49,18,20,11
50,18,20,12
51,18,20,13
43,18,21,4
44,18,21,5
45,18,21,6
46,18,21,7
47,18,21,8
48,18,21,9
49,18,21,10
50,18,21,11
51,18,21,12
44,18,22,4
45,18,22,5
46,18,22,6
47,18,22,7
48,18,22,8
49,18,22,9
50,18,22,10
51,18,22,11
52,18,22,12
45,18,23,4
46,18,23,5
47,18,23,6
48,18,23,7
49,18,23,8
50,18,23,9
51,18,23,10
52,18,23,11
53,18,23,12
46,18,24,4
47,18,24,5
48,18,24,6
49,18,24,7
50,18,24,8
51,18,24,9
52,18,24,10
53,18,24,11
54,18,24,12
47,18,25,4
48,18,25,5
49,18,25,6
50,18,25,7
51,18,25,8
52,18,25,9
53,18,25,10
54,18,25,11
55,18,25,12
48,18,26,4
49,18,26,5
50,18,26,6
51,18,26,7
52,18,26,8
53,18,26,9
54,18,26,10
55,18,26,11
56,18,26,12
49,18,27,4
50,18,27,5
51,18,27,6
52,18,27,7
53,18,27,8
54,18,27,9
55,18,27,10
56,18,27,11
51,18,28,5
52,18,28,6
53,18,28,7
31,19,2,10
32,19,2,11
33,19,3,11
41,19,14,8
42,19,14,9
43,19,14,10
44,19,14,11
42,19,15,8
43,19,15,9
44,19,15,10
45,19,15,11
43,19,16,8
44,19,16,9
45,19,16,10
46,19,16,11
45,19,17,9
46,19,17,10
45,19,18,8
46,19,18,9
47,19,18,10
48,19,18,11
45,19,19,7
46,19,19,8
47,19,19,9
48,19,19,10
49,19,19,11
50,19,19,12
43,19,20,4
44,19,20,5
45,19,20,6
46,19,20,7
47,19,20,8
48,19,20,9
49,19,20,10
50,19,20,11
51,19,20,12
44,19,21,4
45,19,21,5
46,19,21,6
47,19,21,7
48,19,21,8
49,19,21,9
50,19,21,10
51,19,21,11
52,19,21,12
44,19,22,3
45,19,22,4
46,19,22,5
47,19,22,6
48,19,22,7
49,19,22,8
50,19,22,9
51,19,22,10
52,19,22,11
45,19,23,3
46,19,23,4
47,19,23,5
48,19,23,6
49,19,23,7
50,19,23,8
51,19,23,9
52,19,23,10
53,19,23,11
46,19,24,3
47,19,24,4
48,19,24,5
49,19,24,6
50,19,24,7
51,19,24,8
52,19,24,9
53,19,24,10
54,19,24,11
55,19,24,12
47,19,25,3
48,19,25,4
49,19,25,5
50,19,25,6
51,19,25,7
52,19,25,8
53,19,25,9
54,19,25,10
55,19,25,11
48,19,26,3
49,19,26,4
50,19,26,5
51,19,26,6
52,19,26,7
53,19,26,8
54,19,26,9
55,19,26,10
56,19,26,11
49,19,27,3
50,19,27,4
51,19,27,5
52,19,27,6
53,19,27,7
54,19,27,8
51,19,28,4
52,19,28,5
53,19,28,6
54,19,28,7
53,19,29,5
54,19,29,6
42,20,14,8
43,20,14,9
44,20,14,10
45,20,14,11
43,20,15,8
44,20,15,9
45,20,15,10
46,20,15,11
44,20,16,8
45,20,16,9
46,20,16,10
47,20,16,11
45,20,17,8
46,20,17,9
47,20,17,10
44,20,21,3
45,20,21,4
46,20,21,5
45,20,22,3
46,20,22,4
47,20,22,5
48,20,22,6
49,20,22,7
50,20,22,8
51,20,22,9
46,20,23,3
47,20,23,4
49,20,23,6
50,20,23,7
51,20,23,8
52,20,23,9
53,20,23,10
47,20,24,3
48,20,24,4
50,20,24,6
51,20,24,7
52,20,24,8
53,20,24,9
54,20,24,10
48,20,25,3
49,20,25,4
51,20,25,6
52,20,25,7
53,20,25,8
54,20,25,9
55,20,25,10
49,20,26,3
50,20,26,4
51,20,26,5
52,20,26,6
53,20,26,7
50,20,27,3
51,20,27,4
52,20,27,5
53,20,27,6
54,20,27,7
51,20,28,3
52,20,28,4
53,20,28,5
54,20,28,6
55,20,28,7
53,20,29,4
54,20,29,5
55,20,29,6
54,20,30,4
55,20,30,5
56,20,30,6
43,21,14,8
44,21,14,9
45,21,14,10
46,21,14,11
44,21,15,8
45,21,15,9
46,21,15,10
47,21,15,11
45,21,16,8
46,21,16,9
47,21,16,10
48,21,16,11
46,21,17,8
47,21,17,9
48,21,17,10
45,21,21,3
46,21,21,4
47,21,21,5
45,21,22,2
46,21,22,3
47,21,22,4
46,21,23,2
47,21,23,3
48,21,23,4
47,21,24,2
48,21,24,3
51,21,24,6
52,21,24,7
48,21,25,2
49,21,25,3
52,21,25,6
53,21,25,7
49,21,26,2
50,21,26,3
52,21,26,5
53,21,26,6
54,21,26,7
50,21,27,2
51,21,27,3
52,21,27,4
53,21,27,5
54,21,27,6
55,21,27,7
51,21,28,2
52,21,28,3
53,21,28,4
54,21,28,5
55,21,28,6
56,21,28,7
52,21,29,2
53,21,29,3
54,21,29,4
55,21,29,5
56,21,29,6
54,21,30,3
55,21,30,4
56,21,30,5
57,21,30,6
44,22,14,8
45,22,14,9
46,22,14,10
45,22,15,8
46,22,15,9
47,22,15,10
48,22,15,11
46,22,16,8
47,22,16,9
48,22,16,10
49,22,16,11
48,22,17,9
49,22,17,10
46,22,22,2
47,22,22,3
48,22,22,4
46,22,23,1
47,22,23,2
48,22,23,3
47,22,24,1
48,22,24,2
49,22,24,3
48,22,25,1
49,22,25,2
50,22,25,3
49,22,26,1
50,22,26,2
51,22,26,3
50,22,27,1
51,22,27,2
52,22,27,3
52,22,28,2
53,22,28,3
56,22,28,6
53,22,29,2
54,22,29,3
55,22,29,4
56,22,29,5
57,22,29,6
54,22,30,2
55,22,30,3
56,22,30,4
57,22,30,5
58,22,30,6
56,22,31,3
57,22,31,4
58,22,31,5
46,23,14,9
47,23,14,10
48,23,14,11
46,23,15,8
47,23,15,9
48,23,15,10
49,23,15,11
47,23,16,8
48,23,16,9
49,23,16,10
50,23,16,11
49,23,17,9
50,23,17,10
47,23,23,1
48,23,23,2
48,23,24,1
49,23,24,2
49,23,25,1
50,23,25,2
50,23,26,1
51,23,26,2
51,23,27,1
52,23,27,2
52,23,28,1
53,23,28,2
53,23,29,1
54,23,29,2
55,23,29,3
55,23,30,2
56,23,30,3
57,23,30,4
57,23,31,3
58,23,31,4
47,24,13,10
48,24,13,11
46,24,14,8
47,24,14,9
48,24,14,10
49,24,14,11
50,24,14,12
47,24,15,8
48,24,15,9
49,24,15,10
50,24,15,11
51,24,15,12
48,24,16,8
49,24,16,9
50,24,16,10
51,24,16,11
49,24,17,8
50,24,17,9
51,24,17,10
47,25,14,8
48,25,14,9
49,25,14,10
50,25,14,11
51,25,14,12
48,25,15,8
49,25,15,9
50,25,15,10
51,25,15,11
52,25,15,12
49,25,16,8
50,25,16,9
51,25,16,10
52,25,16,11
48,26,14,8
49,26,14,9
50,26,14,10
49,26,15,8
50,26,15,9
51,26,15,10
52,26,15,11
50,26,16,8
51,26,16,9
52,26,16,10
53,26,16,11
52,26,17,9
53,26,17,10
50,27,15,8
51,27,15,9
52,27,15,10
53,27,15,11
51,27,16,8
52,27,16,9
53,27,16,10
54,27,16,11
